{"pos": [[6, 1], [0, 2], [6, 2], [1, 2], [5, 2], [1, 1], [5, 1], [0, 1], [4, 1], [0, 0], [4, 0], [0, 1], [4, 1], [1, 1], [3, 1], [2, 1]], "a_eggs_laid": [0, 0, 0, 0, 0, 0, 0, 0, 0, 0, 0, 0, 0, 0, 0, 0], "b_eggs_laid": [0, 0, 0, 0, 0, 0, 0, 0, 0, 1, 1, 1, 1, 1, 1, 1], "a_turds_left": [5, 5, 5, 5, 5, 5, 5, 5, 5, 5, 5, 5, 5, 5, 4, 4], "b_turds_left": [5, 5, 5, 4, 4, 3, 3, 3, 3, 3, 3, 2, 2, 2, 2, 1], "a_time_left": [359.99882700000035, 359.99882700000035, 359.9986402000004, 359.9986402000004, 359.99845150000056, 359.99845150000056, 359.9982856000006, 359.9982856000006, 359.9981016000006, 359.9981016000006, 359.9979364000005, 359.9979364000005, 359.9977227000004, 359.9977227000004, 359.99746760000016, 359.99746760000016], "b_time_left": [360, 359.98945040000035, 359.98945040000035, 359.9893748000004, 359.9893748000004, 359.98929890000045, 359.98929890000045, 359.9892248000001, 359.9892248000001, 359.98910920000026, 359.98910920000026, 359.98905040000045, 359.98905040000045, 359.98898420000023, 359.98898420000023, 359.98891950000007], "a_moves_left": [39, 39, 38, 38, 37, 37, 36, 36, 35, 35, 34, 34, 33, 33, 32, 32], "b_moves_left": [40, 39, 39, 38, 38, 37, 37, 36, 36, 35, 35, 34, 34, 33, 33, 32], "trapdoor_triggered": [0, 0, 0, 0, 0, 0, 0, 0, 0, 0, 0, 0, 0, 0, 0, 0, 0], "left_behind": ["plain", "plain", "plain", "turd", "plain", "turd", "plain", "plain", "plain", "egg", "plain", "turd", "plain", "plain", "turd", "turd"], "errlog_a": "", "errlog_b": "{moves}", "start_time": 360, "start_moves": 40, "turn_count": 16, "result": 1, "reason": "INVALID_TURN", "trapdoors": [[2, 2], [3, 2]], "spawn_a": [7, 1], "spawn_b": [0, 1]}