{"pos": [[6, 5], [1, 5], [5, 5], [1, 4], [5, 4], [0, 4], [7, 4], [0, 5], [7, 5], [0, 6], [7, 6], [1, 6], [6, 6], [1, 5], [6, 5], [1, 6], [6, 6], [1, 7], [6, 7], [1, 6], [6, 6], [1, 7], [6, 7], [0, 7], [5, 7], [0, 6], [5, 6], [0, 7], [5, 7], [0, 6], [5, 6], [0, 5], [5, 5], [0, 4], [5, 4], [1, 4], [7, 4], [2, 4], [6, 4], [2, 5], [6, 5], [3, 5], [5, 5], [3, 4], [5, 4], [3, 5], [6, 5], [3, 6], [6, 6], [4, 6], [5, 6], [3, 6], [4, 6], [3, 5], [4, 5], [3, 6], [4, 6], [3, 7], [4, 7], [2, 7], [3, 7], [2, 6], [2, 7], [1, 6], [3, 7], [2, 6], [2, 7], [1, 6], [3, 7], [0, 6], [2, 7], [0, 7], [3, 7], [1, 7], [2, 7], [0, 7], [3, 7], [0, 6], [2, 7], [1, 6]], "a_eggs_laid": [0, 0, 0, 0, 0, 0, 0, 0, 0, 0, 0, 0, 0, 0, 1, 1, 1, 1, 1, 1, 1, 1, 1, 1, 1, 1, 2, 2, 2, 2, 2, 2, 2, 2, 2, 2, 2, 2, 2, 2, 3, 3, 3, 3, 3, 3, 3, 3, 3, 3, 3, 3, 3, 3, 4, 4, 4, 4, 4, 4, 4, 4, 5, 5, 5, 5, 5, 5, 5, 5, 5, 5, 5, 5, 5, 5, 5, 5, 5, 5], "b_eggs_laid": [0, 0, 0, 0, 0, 5, 5, 5, 5, 5, 5, 5, 5, 5, 5, 5, 5, 5, 5, 5, 5, 5, 5, 5, 5, 8, 8, 8, 8, 8, 8, 8, 8, 8, 8, 12, 12, 12, 12, 12, 12, 13, 13, 13, 13, 17, 17, 17, 17, 17, 17, 17, 17, 17, 17, 17, 17, 18, 18, 18, 18, 18, 18, 18, 18, 18, 18, 18, 18, 18, 18, 18, 18, 18, 18, 18, 18, 18, 18, 18], "a_turds_left": [4, 4, 3, 3, 2, 2, 2, 2, 1, 1, 1, 1, 0, 0, 0, 0, 0, 0, 0, 0, 0, 0, 0, 0, 0, 0, 0, 0, 0, 0, 0, 0, 0, 0, 0, 0, 0, 0, 0, 0, 0, 0, 0, 0, 0, 0, 0, 0, 0, 0, 0, 0, 0, 0, 0, 0, 0, 0, 0, 0, 0, 0, 0, 0, 0, 0, 0, 0, 0, 0, 0, 0, 0, 0, 0, 0, 0, 0, 0, 0], "b_turds_left": [5, 4, 4, 3, 3, 3, 3, 3, 3, 3, 3, 3, 3, 2, 2, 2, 2, 2, 2, 2, 2, 2, 2, 2, 2, 2, 2, 1, 1, 1, 1, 1, 1, 1, 1, 1, 1, 1, 1, 1, 1, 1, 1, 1, 1, 0, 0, 0, 0, 0, 0, 0, 0, 0, 0, 0, 0, 0, 0, 0, 0, 0, 0, 0, 0, 0, 0, 0, 0, 0, 0, 0, 0, 0, 0, 0, 0, 0, 0, 0], "a_time_left": [359.99966529999983, 359.99966529999983, 359.9994382999994, 359.9994382999994, 359.9992309999989, 359.9992309999989, 359.9989551999988, 359.9989551999988, 359.9985958999987, 359.9985958999987, 359.998391799998, 359.998391799998, 359.9981577999979, 359.9981577999979, 359.9979405999975, 359.9979405999975, 359.99772499999744, 359.99772499999744, 359.99750309999763, 359.99750309999763, 359.9972837999976, 359.9972837999976, 359.99707099999796, 359.99707099999796, 359.99687399999857, 359.99687399999857, 359.9966569999988, 359.9966569999988, 359.99645019999843, 359.99645019999843, 359.9962448999977, 359.9962448999977, 359.9959998999984, 359.9959998999984, 359.9957655999988, 359.9957655999988, 359.9954650999989, 359.9954650999989, 359.9951764999996, 359.9951764999996, 359.9949498999995, 359.9949498999995, 359.9947287999994, 359.9947287999994, 359.99451379999937, 359.99451379999937, 359.99429099999907, 359.99429099999907, 359.9940811999986, 359.9940811999986, 359.9938667999986, 359.9938667999986, 359.99366309999823, 359.99366309999823, 359.99344409999867, 359.99344409999867, 359.9932444999995, 359.9932444999995, 359.9930384999989, 359.9930384999989, 359.9928364999987, 359.9928364999987, 359.99263679999785, 359.99263679999785, 359.99245659999815, 359.99245659999815, 359.9921772999978, 359.9921772999978, 359.9919108999984, 359.9919108999984, 359.99171489999844, 359.99171489999844, 359.99153939999906, 359.99153939999906, 359.99133079999865, 359.99133079999865, 359.991109999999, 359.991109999999, 359.990839099999, 359.990839099999], "b_time_left": [360, 359.98987130000023, 359.98987130000023, 359.98980389999997, 359.98980389999997, 359.989732, 359.989732, 359.98966909999945, 359.98966909999945, 359.98960869999974, 359.98960869999974, 359.98954409999897, 359.98954409999897, 359.9894721999981, 359.9894721999981, 359.9894075999973, 359.9894075999973, 359.98934279999685, 359.98934279999685, 359.98928369999703, 359.98928369999703, 359.98921829999745, 359.98921829999745, 359.98915679999755, 359.98915679999755, 359.98908499999743, 359.98908499999743, 359.989024399998, 359.989024399998, 359.988959299998, 359.988959299998, 359.98889009999857, 359.98889009999857, 359.9888205999987, 359.9888205999987, 359.98871679999866, 359.98871679999866, 359.988612199998, 359.988612199998, 359.98850689999836, 359.98850689999836, 359.9883949999985, 359.9883949999985, 359.98833269999886, 359.98833269999886, 359.98826539999845, 359.98826539999845, 359.98821359999874, 359.98821359999874, 359.9881514999988, 359.9881514999988, 359.98809639999945, 359.98809639999945, 359.98803529999896, 359.98803529999896, 359.9879820999986, 359.9879820999986, 359.98792599999797, 359.98792599999797, 359.98787159999847, 359.98787159999847, 359.98781249999774, 359.98781249999774, 359.9877530999984, 359.9877530999984, 359.9876899999981, 359.9876899999981, 359.9876306999986, 359.9876306999986, 359.98756759999833, 359.98756759999833, 359.9875114999977, 359.9875114999977, 359.98745339999823, 359.98745339999823, 359.9874011999982, 359.9874011999982, 359.98734389999754, 359.98734389999754, 359.98725719999766], "a_moves_left": [39, 39, 38, 38, 37, 37, 36, 36, 35, 35, 34, 34, 33, 33, 32, 32, 31, 31, 30, 30, 29, 29, 28, 28, 27, 27, 26, 26, 25, 25, 24, 24, 23, 23, 22, 22, 21, 21, 20, 20, 19, 19, 18, 18, 17, 17, 16, 16, 15, 15, 14, 14, 13, 13, 12, 12, 11, 11, 10, 10, 9, 9, 8, 8, 7, 7, 6, 6, 5, 5, 4, 4, 3, 3, 2, 2, 1, 1, 0, 0], "b_moves_left": [40, 39, 39, 38, 38, 37, 37, 36, 36, 35, 35, 34, 34, 33, 33, 32, 32, 31, 31, 30, 30, 29, 29, 28, 28, 27, 27, 26, 26, 25, 25, 24, 24, 23, 23, 22, 22, 21, 21, 20, 20, 19, 19, 18, 18, 17, 17, 16, 16, 15, 15, 14, 14, 13, 13, 12, 12, 11, 11, 10, 10, 9, 9, 8, 8, 7, 7, 6, 6, 5, 5, 4, 4, 3, 3, 2, 2, 1, 1, 0], "trapdoor_triggered": [0, 0, 0, 0, 1, 0, 0, 0, 0, 0, 0, 0, 0, 0, 0, 0, 0, 0, 0, 0, 0, 0, 0, 0, 0, 0, 0, 0, 0, 0, 0, 0, 0, 0, 1, 0, 0, 0, 0, 0, 0, 0, 0, 0, 1, 0, 0, 0, 0, 0, 0, 0, 0, 0, 0, 0, 0, 0, 0, 0, 0, 0, 0, 0, 0, 0, 0, 0, 0, 0, 0, 0, 0, 0, 0, 0, 0, 0, 0, 0], "left_behind": ["turd", "turd", "turd", "turd", "turd", "egg", "plain", "plain", "turd", "plain", "plain", "plain", "turd", "turd", "egg", "plain", "plain", "plain", "plain", "plain", "plain", "plain", "plain", "plain", "plain", "egg", "egg", "turd", "plain", "plain", "plain", "plain", "plain", "plain", "plain", "plain", "plain", "plain", "plain", "plain", "egg", "egg", "plain", "plain", "plain", "turd", "plain", "plain", "plain", "plain", "plain", "plain", "plain", "plain", "egg", "plain", "plain", "egg", "plain", "plain", "plain", "plain", "egg", "plain", "plain", "plain", "plain", "plain", "plain", "plain", "plain", "plain", "plain", "plain", "plain", "plain", "plain", "plain", "plain", "plain"], "errlog_a": "", "errlog_b": "", "start_time": 360, "start_moves": 40, "turn_count": 80, "result": 1, "reason": "EGGS_LAID", "trapdoors": [[4, 4], [5, 4]], "spawn_a": [7, 5], "spawn_b": [0, 5]}