{"pos": [[7, 0], [7, 7], [6, 0], [7, 6], [5, 0], [6, 6], [5, 1], [6, 5], [5, 2], [7, 5], [6, 1], [7, 6], [5, 1], [7, 7], [5, 2], [7, 6], [5, 0], [6, 6], [5, 1], [6, 5], [5, 2], [5, 5], [7, 0], [5, 6], [7, 1], [5, 5], [6, 1], [5, 6], [7, 1], [5, 5], [7, 2], [6, 5], [7, 1], [7, 5], [6, 1], [6, 5], [6, 0], [5, 5], [6, 1], [5, 6], [6, 0]], "a_eggs_laid": [0, 0, 0, 0, 0, 0, 0, 0, 1, 1, 1, 1, 1, 1, 1, 1, 1, 1, 1, 1, 1, 1, 1, 1, 1, 1, 2, 2, 2, 2, 2, 2, 2, 2, 2, 2, 2, 2, 2, 2, 2], "b_eggs_laid": [0, 1, 1, 1, 1, 1, 1, 1, 1, 5, 5, 5, 5, 5, 5, 9, 9, 9, 9, 9, 9, 13, 13, 13, 13, 13, 13, 13, 13, 13, 13, 13, 13, 13, 13, 13, 13, 13, 13, 13, 13], "a_turds_left": [5, 5, 4, 4, 3, 3, 3, 3, 3, 3, 3, 3, 2, 2, 2, 2, 2, 2, 2, 2, 2, 2, 2, 2, 2, 2, 2, 2, 2, 2, 2, 2, 2, 2, 2, 2, 2, 2, 2, 2, 2], "b_turds_left": [5, 5, 5, 4, 4, 3, 3, 3, 3, 3, 3, 3, 3, 3, 3, 3, 3, 3, 3, 2, 2, 2, 2, 2, 2, 1, 1, 1, 1, 1, 1, 1, 1, 1, 1, 1, 1, 1, 1, 1, 1], "a_time_left": [359.98177080000005, 359.98177080000005, 359.9814160000001, 359.9814160000001, 359.98103549999996, 359.98103549999996, 359.9806897000001, 359.9806897000001, 359.9803067, 359.9803067, 359.9798020999999, 359.9798020999999, 359.9794451, 359.9794451, 359.9787855999998, 359.9787855999998, 359.9783197999998, 359.9783197999998, 359.9779295999997, 359.9779295999997, 359.97769679999965, 359.97769679999965, 359.9773096999995, 359.9773096999995, 359.97703759999945, 359.97703759999945, 359.97683869999946, 359.97683869999946, 359.97647179999944, 359.97647179999944, 359.97617919999925, 359.97617919999925, 359.9759992999991, 359.9759992999991, 359.9757729999992, 359.9757729999992, 359.9753913999991, 359.9753913999991, 359.9748213999992, 359.9748213999992, 359.9746161999992], "b_time_left": [360, 358.4771350000001, 358.4771350000001, 356.97590650000006, 356.97590650000006, 355.47490990000006, 355.47490990000006, 353.9739605000002, 353.9739605000002, 352.47259170000007, 352.47259170000007, 350.9714403999999, 350.9714403999999, 349.47016299999996, 349.47016299999996, 347.9691051, 347.9691051, 346.4684407, 346.4684407, 344.9677134000001, 344.9677134000001, 343.46672290000015, 343.46672290000015, 341.9655373000003, 341.9655373000003, 340.4643477000002, 340.4643477000002, 338.96334860000024, 338.96334860000024, 337.4616917000003, 337.4616917000003, 335.9610352000002, 335.9610352000002, 334.46039580000024, 334.46039580000024, 332.95467970000027, 332.95467970000027, 331.4532740000002, 331.4532740000002, 329.9524196000002, 329.9524196000002], "a_moves_left": [39, 39, 38, 38, 37, 37, 36, 36, 35, 35, 34, 34, 33, 33, 32, 32, 31, 31, 30, 30, 29, 29, 28, 28, 27, 27, 26, 26, 25, 25, 24, 24, 23, 23, 22, 22, 21, 21, 20, 20, 19], "b_moves_left": [40, 39, 39, 38, 38, 37, 37, 36, 36, 35, 35, 34, 34, 33, 33, 32, 32, 31, 31, 30, 30, 29, 29, 28, 28, 27, 27, 26, 26, 25, 25, 24, 24, 23, 23, 22, 22, 21, 21, 20, 20], "trapdoor_triggered": [0, 0, 0, 0, 0, 0, 0, 0, 1, 0, 0, 0, 0, 0, 1, 0, 0, 0, 0, 0, 1, 0, 0, 0, 0, 0, 0, 0, 0, 0, 0, 0, 0, 0, 0, 0, 0, 0, 0, 0, 0], "left_behind": ["plain", "egg", "turd", "turd", "turd", "turd", "plain", "plain", "egg", "plain", "plain", "plain", "turd", "plain", "plain", "plain", "plain", "plain", "plain", "turd", "plain", "plain", "plain", "plain", "plain", "turd", "egg", "plain", "plain", "plain", "plain", "plain", "plain", "plain", "plain", "plain", "plain", "plain", "plain", "plain", "plain"], "errlog_a": "", "errlog_b": "Timeout", "start_time": 360, "start_moves": 40, "turn_count": 41, "result": 0, "reason": "CODE_CRASH", "trapdoors": [[2, 2], [5, 2]], "spawn_a": [6, 0], "spawn_b": [6, 7]}