{"pos": [[0, 5], [6, 6], [0, 4], [6, 5], [0, 5], [6, 6], [0, 4], [5, 6], [1, 4], [6, 6], [1, 5], [6, 7], [1, 6], [7, 7], [2, 6], [7, 6], [2, 7], [6, 6], [1, 7], [7, 6], [2, 7], [6, 6], [2, 6], [5, 6], [2, 5], [5, 5], [3, 5], [4, 5], [3, 6], [5, 5], [2, 6], [5, 4], [2, 5], [4, 4], [1, 5], [4, 3], [0, 5], [4, 2], [1, 5], [4, 1], [2, 5], [3, 1], [2, 4], [4, 1], [3, 4], [5, 1], [3, 3], [4, 1], [2, 3], [3, 1], [0, 5], [3, 0], [1, 5], [2, 0], [0, 5], [1, 0], [1, 5], [2, 0], [1, 6], [1, 0], [1, 7], [2, 0], [2, 7], [1, 0], [3, 7], [2, 0], [4, 7], [2, 1], [3, 7], [1, 1], [2, 7], [1, 0], [1, 7], [1, 1], [1, 6], [0, 1], [1, 7], [0, 2], [1, 6], [1, 2]], "a_eggs_laid": [0, 0, 0, 0, 0, 0, 0, 0, 0, 0, 0, 0, 0, 0, 0, 0, 1, 1, 1, 1, 1, 1, 1, 1, 1, 1, 1, 1, 1, 1, 1, 1, 1, 1, 1, 1, 1, 1, 1, 1, 1, 1, 1, 1, 1, 1, 1, 1, 1, 1, 2, 2, 2, 2, 2, 2, 2, 2, 2, 2, 2, 2, 3, 3, 3, 3, 4, 4, 4, 4, 4, 4, 4, 4, 4, 4, 4, 4, 4, 4], "b_eggs_laid": [0, 0, 0, 0, 0, 0, 0, 0, 0, 0, 0, 0, 0, 0, 0, 0, 0, 0, 0, 0, 0, 0, 0, 0, 0, 1, 1, 1, 1, 1, 1, 1, 1, 2, 2, 2, 2, 3, 3, 3, 3, 4, 4, 4, 4, 4, 4, 4, 4, 8, 8, 8, 8, 9, 9, 9, 9, 10, 10, 10, 10, 10, 10, 10, 10, 10, 10, 10, 10, 10, 10, 10, 10, 10, 10, 10, 10, 11, 11, 11], "a_turds_left": [5, 5, 5, 5, 5, 5, 5, 5, 5, 5, 4, 4, 4, 4, 4, 4, 4, 4, 4, 4, 4, 4, 3, 3, 3, 3, 3, 3, 3, 3, 2, 2, 2, 2, 1, 1, 1, 1, 0, 0, 0, 0, 0, 0, 0, 0, 0, 0, 0, 0, 0, 0, 0, 0, 0, 0, 0, 0, 0, 0, 0, 0, 0, 0, 0, 0, 0, 0, 0, 0, 0, 0, 0, 0, 0, 0, 0, 0, 0, 0], "b_turds_left": [5, 4, 4, 4, 4, 3, 3, 3, 3, 3, 3, 3, 3, 2, 2, 2, 2, 2, 2, 1, 1, 1, 1, 1, 1, 1, 1, 1, 1, 0, 0, 0, 0, 0, 0, 0, 0, 0, 0, 0, 0, 0, 0, 0, 0, 0, 0, 0, 0, 0, 0, 0, 0, 0, 0, 0, 0, 0, 0, 0, 0, 0, 0, 0, 0, 0, 0, 0, 0, 0, 0, 0, 0, 0, 0, 0, 0, 0, 0, 0], "a_time_left": [359.9878873, 359.9878873, 359.9877361000001, 359.9877361000001, 359.9873084000003, 359.9873084000003, 359.98699520000037, 359.98699520000037, 359.98675700000035, 359.98675700000035, 359.9865607000004, 359.9865607000004, 359.9863330000003, 359.9863330000003, 359.98610180000037, 359.98610180000037, 359.9859092000004, 359.9859092000004, 359.9855941000005, 359.9855941000005, 359.9854075000005, 359.9854075000005, 359.98518710000053, 359.98518710000053, 359.9850005000005, 359.9850005000005, 359.9844212000005, 359.9844212000005, 359.9840099000005, 359.9840099000005, 359.9837049000005, 359.9837049000005, 359.9834801000004, 359.9834801000004, 359.98323150000056, 359.98323150000056, 359.98257040000067, 359.98257040000067, 359.98236100000076, 359.98236100000076, 359.98193090000086, 359.98193090000086, 359.9814483000009, 359.9814483000009, 359.98123840000085, 359.98123840000085, 359.9810884000008, 359.9810884000008, 359.9809338000007, 359.9809338000007, 359.9807309000007, 359.9807309000007, 359.9803782000008, 359.9803782000008, 359.98021630000085, 359.98021630000085, 359.9800764000008, 359.9800764000008, 359.9798846000008, 359.9798846000008, 359.9795043000008, 359.9795043000008, 359.97929550000094, 359.97929550000094, 359.97914090000086, 359.97914090000086, 359.97899240000083, 359.97899240000083, 359.9788568000008, 359.9788568000008, 359.97868240000093, 359.97868240000093, 359.97840100000076, 359.97840100000076, 359.97825940000075, 359.97825940000075, 359.9778133000009, 359.9778133000009, 359.97762150000085, 359.97762150000085], "b_time_left": [360, 359.98760000000016, 359.98760000000016, 359.9874476000002, 359.9874476000002, 359.9872627000002, 359.9872627000002, 359.98715930000026, 359.98715930000026, 359.9870023000003, 359.9870023000003, 359.9868994000003, 359.9868994000003, 359.9867211000003, 359.9867211000003, 359.9866546000003, 359.9866546000003, 359.98657140000023, 359.98657140000023, 359.98646210000015, 359.98646210000015, 359.98621320000007, 359.98621320000007, 359.9861185, 359.9861185, 359.9860202, 359.9860202, 359.98593729999993, 359.98593729999993, 359.98581680000007, 359.98581680000007, 359.98572090000016, 359.98572090000016, 359.98557260000007, 359.98557260000007, 359.98543960000006, 359.98543960000006, 359.98528080000006, 359.98528080000006, 359.98516730000006, 359.98516730000006, 359.9848717, 359.9848717, 359.98475580000013, 359.98475580000013, 359.9846522, 359.9846522, 359.9845803999999, 359.9845803999999, 359.9844891, 359.9844891, 359.9844249, 359.9844249, 359.9843398999999, 359.9843398999999, 359.9842776999999, 359.9842776999999, 359.98421329999996, 359.98421329999996, 359.9840944, 359.9840944, 359.98390330000007, 359.98390330000007, 359.98383250000006, 359.98383250000006, 359.9837619000002, 359.9837619000002, 359.9837000000002, 359.9837000000002, 359.98353670000006, 359.98353670000006, 359.98347480000007, 359.98347480000007, 359.98338130000025, 359.98338130000025, 359.9832941000002, 359.9832941000002, 359.98315820000016, 359.98315820000016, 359.9830364000002], "a_moves_left": [39, 39, 38, 38, 37, 37, 36, 36, 35, 35, 34, 34, 33, 33, 32, 32, 31, 31, 30, 30, 29, 29, 28, 28, 27, 27, 26, 26, 25, 25, 24, 24, 23, 23, 22, 22, 21, 21, 20, 20, 19, 19, 18, 18, 17, 17, 16, 16, 15, 15, 14, 14, 13, 13, 12, 12, 11, 11, 10, 10, 9, 9, 8, 8, 7, 7, 6, 6, 5, 5, 4, 4, 3, 3, 2, 2, 1, 1, 0, 0], "b_moves_left": [40, 39, 39, 38, 38, 37, 37, 36, 36, 35, 35, 34, 34, 33, 33, 32, 32, 31, 31, 30, 30, 29, 29, 28, 28, 27, 27, 26, 26, 25, 25, 24, 24, 23, 23, 22, 22, 21, 21, 20, 20, 19, 19, 18, 18, 17, 17, 16, 16, 15, 15, 14, 14, 13, 13, 12, 12, 11, 11, 10, 10, 9, 9, 8, 8, 7, 7, 6, 6, 5, 5, 4, 4, 3, 3, 2, 2, 1, 1, 0], "trapdoor_triggered": [0, 0, 0, 0, 0, 0, 0, 0, 0, 0, 0, 0, 0, 0, 0, 0, 0, 0, 0, 0, 0, 0, 0, 0, 0, 0, 0, 0, 0, 0, 0, 0, 0, 0, 0, 0, 0, 0, 0, 0, 0, 0, 0, 0, 0, 0, 0, 0, 1, 0, 0, 0, 0, 0, 0, 0, 0, 0, 0, 0, 0, 0, 0, 0, 0, 0, 0, 0, 0, 0, 0, 0, 0, 0, 0, 0, 0, 0, 0, 0], "left_behind": ["plain", "turd", "plain", "plain", "plain", "turd", "plain", "plain", "plain", "plain", "turd", "plain", "plain", "turd", "plain", "plain", "egg", "plain", "plain", "turd", "plain", "plain", "turd", "plain", "plain", "egg", "plain", "plain", "plain", "turd", "turd", "plain", "plain", "egg", "turd", "plain", "plain", "egg", "turd", "plain", "plain", "egg", "plain", "plain", "plain", "plain", "plain", "plain", "plain", "plain", "egg", "plain", "plain", "egg", "plain", "plain", "plain", "egg", "plain", "plain", "plain", "plain", "egg", "plain", "plain", "plain", "egg", "plain", "plain", "plain", "plain", "plain", "plain", "plain", "plain", "plain", "plain", "egg", "plain", "plain"], "errlog_a": "", "errlog_b": "", "start_time": 360, "start_moves": 40, "turn_count": 80, "result": 1, "reason": "EGGS_LAID", "trapdoors": [[5, 3], [2, 3]], "spawn_a": [0, 6], "spawn_b": [7, 6]}