{"pos": [[5, 6], [5, 1], [5, 7], [5, 0], [6, 7], [6, 0], [6, 6], [5, 0], [6, 7], [5, 1], [6, 6], [5, 0], [6, 7], [4, 0], [5, 7], [3, 0], [5, 6], [4, 0], [5, 7], [3, 0], [4, 7], [4, 0], [5, 7], [5, 0], [4, 7], [4, 0], [3, 7], [4, 1], [2, 7], [3, 1], [1, 7], [4, 1], [0, 7], [3, 1], [0, 6], [2, 1], [0, 7], [2, 2], [1, 7], [3, 2], [0, 7], [3, 1], [0, 6], [3, 0], [0, 5], [2, 0], [1, 5], [2, 1], [1, 6], [2, 0], [2, 6], [2, 1], [2, 7], [1, 1], [1, 7], [1, 0], [1, 6], [0, 0], [1, 7], [0, 1], [0, 7], [0, 0], [1, 7], [0, 1], [2, 7], [1, 1], [3, 7], [0, 1], [3, 6], [0, 2], [4, 6], [0, 3], [5, 6], [0, 2], [4, 6], [1, 2], [4, 7], [2, 2], [4, 6], [2, 1]], "a_eggs_laid": [0, 0, 0, 0, 0, 0, 0, 0, 0, 0, 0, 0, 0, 0, 0, 0, 0, 0, 0, 0, 0, 0, 0, 0, 0, 0, 0, 0, 1, 1, 1, 1, 1, 1, 1, 1, 1, 1, 1, 1, 1, 1, 1, 1, 2, 2, 2, 2, 3, 3, 3, 3, 4, 4, 4, 4, 4, 4, 4, 4, 4, 4, 4, 4, 5, 5, 5, 5, 5, 5, 5, 5, 5, 5, 5, 5, 5, 5, 5, 5], "b_eggs_laid": [0, 0, 0, 0, 0, 1, 1, 1, 1, 1, 1, 1, 1, 1, 1, 1, 1, 1, 1, 1, 1, 1, 1, 1, 1, 1, 1, 1, 1, 1, 1, 1, 1, 1, 1, 1, 1, 2, 2, 2, 2, 2, 2, 2, 2, 2, 2, 2, 2, 2, 2, 2, 2, 2, 2, 2, 2, 2, 2, 2, 2, 3, 3, 3, 3, 3, 3, 3, 3, 3, 3, 3, 3, 4, 4, 4, 4, 5, 5, 5], "a_turds_left": [5, 5, 5, 5, 4, 4, 4, 4, 3, 3, 3, 3, 3, 3, 2, 2, 2, 2, 1, 1, 1, 1, 0, 0, 0, 0, 0, 0, 0, 0, 0, 0, 0, 0, 0, 0, 0, 0, 0, 0, 0, 0, 0, 0, 0, 0, 0, 0, 0, 0, 0, 0, 0, 0, 0, 0, 0, 0, 0, 0, 0, 0, 0, 0, 0, 0, 0, 0, 0, 0, 0, 0, 0, 0, 0, 0, 0, 0, 0, 0], "b_turds_left": [5, 5, 5, 5, 5, 5, 5, 4, 4, 4, 4, 3, 3, 3, 3, 3, 3, 2, 2, 2, 2, 2, 2, 1, 1, 1, 1, 1, 1, 0, 0, 0, 0, 0, 0, 0, 0, 0, 0, 0, 0, 0, 0, 0, 0, 0, 0, 0, 0, 0, 0, 0, 0, 0, 0, 0, 0, 0, 0, 0, 0, 0, 0, 0, 0, 0, 0, 0, 0, 0, 0, 0, 0, 0, 0, 0, 0, 0, 0, 0], "a_time_left": [359.9876882000001, 359.9876882000001, 359.98752880000006, 359.98752880000006, 359.9873656, 359.9873656, 359.98665719999985, 359.98665719999985, 359.9863854, 359.9863854, 359.9861988, 359.9861988, 359.98570429999995, 359.98570429999995, 359.9853687, 359.9853687, 359.9849718999999, 359.9849718999999, 359.9847946, 359.9847946, 359.98462599999993, 359.98462599999993, 359.9840571, 359.9840571, 359.9839095, 359.9839095, 359.9835435, 359.9835435, 359.98324130000015, 359.98324130000015, 359.98309210000025, 359.98309210000025, 359.9826903000003, 359.9826903000003, 359.9825413000003, 359.9825413000003, 359.9822735000005, 359.9822735000005, 359.98205890000054, 359.98205890000054, 359.98167900000067, 359.98167900000067, 359.98139950000063, 359.98139950000063, 359.9811186000006, 359.9811186000006, 359.98091560000057, 359.98091560000057, 359.9807027000006, 359.9807027000006, 359.9803306000008, 359.9803306000008, 359.9801591000007, 359.9801591000007, 359.9799510000007, 359.9799510000007, 359.9797111000007, 359.9797111000007, 359.97944130000064, 359.97944130000064, 359.97926190000067, 359.97926190000067, 359.97907830000077, 359.97907830000077, 359.97885830000064, 359.97885830000064, 359.97847500000057, 359.97847500000057, 359.97829800000045, 359.97829800000045, 359.9779194000005, 359.9779194000005, 359.9775316000005, 359.9775316000005, 359.9771927000004, 359.9771927000004, 359.9770305000004, 359.9770305000004, 359.97686160000035, 359.97686160000035], "b_time_left": [360, 359.98859719999996, 359.98859719999996, 359.98845529999994, 359.98845529999994, 359.98827329999995, 359.98827329999995, 359.98812180000004, 359.98812180000004, 359.9880137, 359.9880137, 359.98792219999996, 359.98792219999996, 359.9878077000001, 359.9878077000001, 359.9876881, 359.9876881, 359.9875962000001, 359.9875962000001, 359.9874763, 359.9874763, 359.9873143, 359.9873143, 359.9870962, 359.9870962, 359.98702619999995, 359.98702619999995, 359.9869512, 359.9869512, 359.9867815, 359.9867815, 359.98666019999996, 359.98666019999996, 359.9865436, 359.9865436, 359.9864849999999, 359.9864849999999, 359.98638219999975, 359.98638219999975, 359.9863131999998, 359.9863131999998, 359.9861371999998, 359.9861371999998, 359.9860454999998, 359.9860454999998, 359.98595599999976, 359.98595599999976, 359.98582139999985, 359.98582139999985, 359.98573199999987, 359.98573199999987, 359.9856631, 359.9856631, 359.98559620000015, 359.98559620000015, 359.9854878000001, 359.9854878000001, 359.98540320000006, 359.98540320000006, 359.98532709999995, 359.98532709999995, 359.9852323, 359.9852323, 359.9851142, 359.9851142, 359.9850355000001, 359.9850355000001, 359.98495690000004, 359.98495690000004, 359.9848872, 359.9848872, 359.9848244, 359.9848244, 359.9846815000001, 359.9846815000001, 359.98454719999995, 359.98454719999995, 359.9844768999999, 359.9844768999999, 359.98433739999996], "a_moves_left": [39, 39, 38, 38, 37, 37, 36, 36, 35, 35, 34, 34, 33, 33, 32, 32, 31, 31, 30, 30, 29, 29, 28, 28, 27, 27, 26, 26, 25, 25, 24, 24, 23, 23, 22, 22, 21, 21, 20, 20, 19, 19, 18, 18, 17, 17, 16, 16, 15, 15, 14, 14, 13, 13, 12, 12, 11, 11, 10, 10, 9, 9, 8, 8, 7, 7, 6, 6, 5, 5, 4, 4, 3, 3, 2, 2, 1, 1, 0, 0], "b_moves_left": [40, 39, 39, 38, 38, 37, 37, 36, 36, 35, 35, 34, 34, 33, 33, 32, 32, 31, 31, 30, 30, 29, 29, 28, 28, 27, 27, 26, 26, 25, 25, 24, 24, 23, 23, 22, 22, 21, 21, 20, 20, 19, 19, 18, 18, 17, 17, 16, 16, 15, 15, 14, 14, 13, 13, 12, 12, 11, 11, 10, 10, 9, 9, 8, 8, 7, 7, 6, 6, 5, 5, 4, 4, 3, 3, 2, 2, 1, 1, 0], "trapdoor_triggered": [0, 0, 0, 0, 0, 0, 0, 0, 0, 0, 0, 0, 0, 0, 0, 0, 0, 0, 0, 0, 0, 0, 0, 0, 0, 0, 0, 0, 0, 0, 0, 0, 0, 0, 0, 0, 0, 0, 0, 0, 0, 0, 0, 0, 0, 0, 0, 0, 0, 0, 0, 0, 0, 0, 0, 0, 0, 0, 0, 0, 0, 0, 0, 0, 0, 0, 0, 0, 0, 0, 0, 0, 0, 0, 0, 0, 0, 0, 0, 0], "left_behind": ["plain", "plain", "plain", "plain", "turd", "egg", "plain", "turd", "turd", "plain", "plain", "turd", "plain", "plain", "turd", "plain", "plain", "turd", "turd", "plain", "plain", "plain", "turd", "turd", "plain", "plain", "plain", "plain", "egg", "turd", "plain", "plain", "plain", "plain", "plain", "plain", "plain", "egg", "plain", "plain", "plain", "plain", "plain", "plain", "egg", "plain", "plain", "plain", "egg", "plain", "plain", "plain", "egg", "plain", "plain", "plain", "plain", "plain", "plain", "plain", "plain", "egg", "plain", "plain", "egg", "plain", "plain", "plain", "plain", "plain", "plain", "plain", "plain", "egg", "plain", "plain", "plain", "egg", "plain", "plain"], "errlog_a": "", "errlog_b": "", "start_time": 360, "start_moves": 40, "turn_count": 80, "result": 2, "reason": "EGGS_LAID", "trapdoors": [[3, 5], [4, 5]], "spawn_a": [5, 7], "spawn_b": [5, 0]}