{"pos": [[6, 1], [0, 2], [6, 2], [0, 1], [6, 1], [1, 1], [5, 1], [1, 2], [5, 2], [2, 2], [7, 2], [1, 2], [6, 2], [1, 3], [6, 3], [1, 4], [6, 4], [0, 4], [5, 4], [0, 5], [5, 5], [1, 5], [4, 5], [2, 5], [3, 5], [2, 6], [3, 6], [2, 7], [3, 7], [1, 7], [3, 6], [0, 7], [3, 7], [1, 7], [3, 6], [0, 7], [3, 7], [0, 6], [3, 6], [0, 7], [3, 7], [1, 7], [3, 6], [0, 7], [3, 7], [1, 7], [3, 6], [0, 7], [3, 7], [0, 6], [3, 6], [0, 7], [3, 7], [0, 6], [3, 6], [1, 6]], "a_eggs_laid": [1, 1, 1, 1, 2, 2, 2, 2, 3, 3, 3, 3, 3, 3, 3, 3, 3, 3, 4, 4, 4, 4, 5, 5, 5, 5, 5, 5, 5, 5, 6, 6, 6, 6, 6, 6, 6, 6, 6, 6, 6, 6, 6, 6, 6, 6, 6, 6, 6, 6, 6, 6, 6, 6, 6, 6], "b_eggs_laid": [0, 0, 0, 0, 0, 0, 0, 0, 0, 4, 4, 4, 4, 4, 4, 4, 4, 4, 4, 4, 4, 5, 5, 5, 5, 5, 5, 5, 5, 6, 6, 6, 6, 9, 9, 9, 9, 9, 9, 9, 9, 9, 9, 9, 9, 9, 9, 9, 9, 9, 9, 9, 9, 9, 9, 9], "a_turds_left": [5, 5, 5, 5, 5, 5, 5, 5, 5, 5, 5, 5, 5, 5, 5, 5, 5, 5, 5, 5, 5, 5, 5, 5, 4, 4, 3, 3, 2, 2, 2, 2, 2, 2, 2, 2, 2, 2, 2, 2, 2, 2, 2, 2, 2, 2, 2, 2, 2, 2, 2, 2, 2, 2, 2, 2], "b_turds_left": [5, 4, 4, 4, 4, 4, 4, 3, 3, 3, 3, 3, 3, 2, 2, 2, 2, 1, 1, 0, 0, 0, 0, 0, 0, 0, 0, 0, 0, 0, 0, 0, 0, 0, 0, 0, 0, 0, 0, 0, 0, 0, 0, 0, 0, 0, 0, 0, 0, 0, 0, 0, 0, 0, 0, 0], "a_time_left": [359.9992777000007, 359.9992777000007, 359.99894830000085, 359.99894830000085, 359.9981254000004, 359.9981254000004, 359.9976632000007, 359.9976632000007, 359.997187500001, 359.997187500001, 359.9967269000017, 359.9967269000017, 359.9964145000022, 359.9964145000022, 359.99600140000257, 359.99600140000257, 359.99558980000256, 359.99558980000256, 359.995285400003, 359.995285400003, 359.99497740000334, 359.99497740000334, 359.9946568000032, 359.9946568000032, 359.99436020000394, 359.99436020000394, 359.99405800000386, 359.99405800000386, 359.99370190000354, 359.99370190000354, 359.99341760000425, 359.99341760000425, 359.99309140000423, 359.99309140000423, 359.9927095000039, 359.9927095000039, 359.9924022000041, 359.9924022000041, 359.9921446000035, 359.9921446000035, 359.99183710000307, 359.99183710000307, 359.99155800000335, 359.99155800000335, 359.99122940000325, 359.99122940000325, 359.99095480000324, 359.99095480000324, 359.9906527000039, 359.9906527000039, 359.9903867000039, 359.9903867000039, 359.9900928000043, 359.9900928000043, 359.9898280000043, 359.9898280000043], "b_time_left": [360, 359.9877811999995, 359.9877811999995, 359.98770949999926, 359.98770949999926, 359.98762239999996, 359.98762239999996, 359.9875628, 359.9875628, 359.9874582000002, 359.9874582000002, 359.9873899000004, 359.9873899000004, 359.98732570000084, 359.98732570000084, 359.9872582000007, 359.9872582000007, 359.9871933000004, 359.9871933000004, 359.9871352000009, 359.9871352000009, 359.98707300000024, 359.98707300000024, 359.9870148000009, 359.9870148000009, 359.98695600000065, 359.98695600000065, 359.9869019000007, 359.9869019000007, 359.9868446999999, 359.9868446999999, 359.9867491999994, 359.9867491999994, 359.9866936999997, 359.9866936999997, 359.9866315999998, 359.9866315999998, 359.9865762999998, 359.9865762999998, 359.98651099999915, 359.98651099999915, 359.98645269999906, 359.98645269999906, 359.98640069999874, 359.98640069999874, 359.98634889999903, 359.98634889999903, 359.98628859999917, 359.98628859999917, 359.9862248999989, 359.9862248999989, 359.9861738999989, 359.9861738999989, 359.986116699999, 359.986116699999, 359.9860669999998], "a_moves_left": [39, 39, 38, 38, 37, 37, 36, 36, 35, 35, 34, 34, 33, 33, 32, 32, 31, 31, 30, 30, 29, 29, 28, 28, 27, 27, 26, 26, 25, 25, 24, 24, 23, 23, 22, 22, 21, 21, 20, 20, 19, 19, 18, 18, 17, 17, 16, 16, 15, 15, 14, 14, 13, 13, 12, 12], "b_moves_left": [40, 39, 39, 38, 38, 37, 37, 36, 36, 35, 35, 34, 34, 33, 33, 32, 32, 31, 31, 30, 30, 29, 29, 28, 28, 27, 27, 26, 26, 25, 25, 24, 24, 23, 23, 22, 22, 21, 21, 20, 20, 19, 19, 18, 18, 17, 17, 16, 16, 15, 15, 14, 14, 13, 13, 12], "trapdoor_triggered": [0, 0, 0, 0, 0, 0, 0, 0, 1, 0, 0, 0, 0, 0, 0, 0, 0, 0, 0, 0, 0, 0, 0, 0, 0, 0, 0, 0, 0, 0, 0, 0, 0, 0, 0, 0, 0, 0, 0, 0, 0, 0, 0, 0, 0, 0, 0, 0, 0, 0, 0, 0, 0, 0, 0, 0, 0], "left_behind": ["egg", "turd", "plain", "plain", "egg", "plain", "plain", "turd", "egg", "plain", "plain", "plain", "plain", "turd", "plain", "plain", "plain", "turd", "egg", "turd", "plain", "egg", "egg", "plain", "turd", "plain", "turd", "plain", "turd", "egg", "egg", "plain", "plain", "egg", "plain", "plain", "plain", "plain", "plain", "plain", "plain", "plain", "plain", "plain", "plain", "plain", "plain", "plain", "plain", "plain", "plain", "plain", "plain", "plain", "plain", "plain"], "errlog_a": "", "errlog_b": "{moves}", "start_time": 360, "start_moves": 40, "turn_count": 56, "result": 1, "reason": "INVALID_TURN", "trapdoors": [[4, 2], [5, 2]], "spawn_a": [7, 1], "spawn_b": [0, 1]}