{"pos": [[6, 7], [4, 0], [6, 6], [4, 1], [7, 6], [4, 2], [7, 5], [5, 2], [7, 6], [6, 2], [7, 7], [6, 1], [6, 7], [5, 1], [6, 6], [6, 1], [6, 7], [7, 1], [6, 6], [7, 2], [6, 5], [6, 2], [7, 5], [6, 3], [7, 4], [5, 3], [7, 5], [5, 2], [7, 4], [5, 3], [7, 3], [4, 3], [7, 4], [4, 4], [7, 5], [5, 4], [6, 5], [4, 0], [6, 4], [3, 0], [6, 3], [2, 0], [7, 3], [2, 1], [6, 3], [2, 2], [7, 3], [3, 2], [7, 4], [3, 1], [6, 4], [4, 1], [7, 4], [5, 1], [7, 5], [6, 1], [6, 5], [7, 1], [6, 4], [6, 1], [7, 4], [5, 1], [7, 5], [4, 1], [6, 5], [4, 0], [5, 5], [3, 0], [6, 5], [2, 0], [5, 5], [3, 0], [6, 5], [2, 0], [5, 5], [2, 1], [6, 5], [2, 0], [6, 6], [3, 0]], "a_eggs_laid": [0, 0, 0, 0, 0, 0, 0, 0, 0, 0, 0, 0, 0, 0, 0, 0, 1, 1, 1, 1, 1, 1, 1, 1, 1, 1, 1, 1, 1, 1, 1, 1, 2, 2, 2, 2, 6, 6, 6, 6, 6, 6, 6, 6, 6, 6, 6, 6, 6, 6, 6, 6, 7, 7, 7, 7, 7, 7, 7, 7, 7, 7, 7, 7, 7, 7, 7, 7, 8, 8, 8, 8, 8, 8, 8, 8, 8, 8, 8, 8], "b_eggs_laid": [0, 1, 1, 1, 1, 1, 1, 1, 1, 2, 2, 2, 2, 3, 3, 3, 3, 3, 3, 3, 3, 4, 4, 4, 4, 4, 4, 4, 4, 4, 4, 4, 4, 4, 4, 4, 4, 4, 4, 4, 4, 4, 4, 4, 4, 5, 5, 5, 5, 6, 6, 6, 6, 6, 6, 6, 6, 6, 6, 6, 6, 6, 6, 6, 6, 6, 6, 6, 6, 6, 6, 6, 6, 6, 6, 6, 6, 6, 6, 6], "a_turds_left": [4, 4, 3, 3, 3, 3, 3, 3, 3, 3, 2, 2, 2, 2, 2, 2, 2, 2, 2, 2, 2, 2, 1, 1, 0, 0, 0, 0, 0, 0, 0, 0, 0, 0, 0, 0, 0, 0, 0, 0, 0, 0, 0, 0, 0, 0, 0, 0, 0, 0, 0, 0, 0, 0, 0, 0, 0, 0, 0, 0, 0, 0, 0, 0, 0, 0, 0, 0, 0, 0, 0, 0, 0, 0, 0, 0, 0, 0, 0, 0], "b_turds_left": [5, 5, 5, 4, 4, 3, 3, 3, 3, 3, 3, 3, 3, 3, 3, 3, 3, 3, 3, 3, 3, 3, 3, 3, 3, 3, 3, 3, 3, 3, 3, 3, 3, 2, 2, 1, 1, 1, 1, 1, 1, 1, 1, 0, 0, 0, 0, 0, 0, 0, 0, 0, 0, 0, 0, 0, 0, 0, 0, 0, 0, 0, 0, 0, 0, 0, 0, 0, 0, 0, 0, 0, 0, 0, 0, 0, 0, 0, 0, 0], "a_time_left": [359.9885611999998, 359.9885611999998, 359.9883625999996, 359.9883625999996, 359.98813779999955, 359.98813779999955, 359.9879527999997, 359.9879527999997, 359.98776599999974, 359.98776599999974, 359.98758399999997, 359.98758399999997, 359.9873957, 359.9873957, 359.9872089999999, 359.9872089999999, 359.9870139999998, 359.9870139999998, 359.9868435999997, 359.9868435999997, 359.98666309999953, 359.98666309999953, 359.98647029999984, 359.98647029999984, 359.9862797999999, 359.9862797999999, 359.98610020000024, 359.98610020000024, 359.9859212000001, 359.9859212000001, 359.98557400000027, 359.98557400000027, 359.9854086000005, 359.9854086000005, 359.98523360000036, 359.98523360000036, 359.9849707000003, 359.9849707000003, 359.98479030000044, 359.98479030000044, 359.98457890000054, 359.98457890000054, 359.9844079000004, 359.9844079000004, 359.9842402000004, 359.9842402000004, 359.9840707000003, 359.9840707000003, 359.98389090000046, 359.98389090000046, 359.98360880000064, 359.98360880000064, 359.98343260000047, 359.98343260000047, 359.98325760000034, 359.98325760000034, 359.9830754000004, 359.9830754000004, 359.9828956000006, 359.9828956000006, 359.98271740000064, 359.98271740000064, 359.98253480000085, 359.98253480000085, 359.9823646000009, 359.9823646000009, 359.9821803000009, 359.9821803000009, 359.98200850000103, 359.98200850000103, 359.9818348000008, 359.9818348000008, 359.98165640000116, 359.98165640000116, 359.9814869000011, 359.9814869000011, 359.981308800001, 359.981308800001, 359.98114590000114, 359.98114590000114], "b_time_left": [360, 359.98883220000016, 359.98883220000016, 359.98876240000027, 359.98876240000027, 359.9886852000004, 359.9886852000004, 359.98861760000045, 359.98861760000045, 359.98850670000047, 359.98850670000047, 359.9884511000005, 359.9884511000005, 359.9883791000002, 359.9883791000002, 359.9883154000004, 359.9883154000004, 359.98824030000014, 359.98824030000014, 359.9881752000001, 359.9881752000001, 359.98807860000034, 359.98807860000034, 359.9880111000002, 359.9880111000002, 359.9879423000002, 359.9879423000002, 359.9878776999999, 359.9878776999999, 359.98776819999966, 359.98776819999966, 359.98770069999955, 359.98770069999955, 359.9876236999994, 359.9876236999994, 359.9874861999997, 359.9874861999997, 359.98742639999955, 359.98742639999955, 359.98737109999956, 359.98737109999956, 359.98730009999963, 359.98730009999963, 359.9872336999997, 359.9872336999997, 359.98716469999954, 359.98716469999954, 359.98711399999956, 359.98711399999956, 359.9870522999995, 359.9870522999995, 359.9869930999994, 359.9869930999994, 359.98692239999946, 359.98692239999946, 359.9868573999993, 359.9868573999993, 359.9867480999992, 359.9867480999992, 359.9866937999991, 359.9866937999991, 359.9866312999993, 359.9866312999993, 359.9865734999994, 359.9865734999994, 359.98650379999935, 359.98650379999935, 359.9864424999996, 359.9864424999996, 359.9863836999998, 359.9863836999998, 359.98632739999994, 359.98632739999994, 359.98626799999965, 359.98626799999965, 359.98620809999966, 359.98620809999966, 359.98613369999975, 359.98613369999975, 359.98608239999976], "a_moves_left": [39, 39, 38, 38, 37, 37, 36, 36, 35, 35, 34, 34, 33, 33, 32, 32, 31, 31, 30, 30, 29, 29, 28, 28, 27, 27, 26, 26, 25, 25, 24, 24, 23, 23, 22, 22, 21, 21, 20, 20, 19, 19, 18, 18, 17, 17, 16, 16, 15, 15, 14, 14, 13, 13, 12, 12, 11, 11, 10, 10, 9, 9, 8, 8, 7, 7, 6, 6, 5, 5, 4, 4, 3, 3, 2, 2, 1, 1, 0, 0], "b_moves_left": [40, 39, 39, 38, 38, 37, 37, 36, 36, 35, 35, 34, 34, 33, 33, 32, 32, 31, 31, 30, 30, 29, 29, 28, 28, 27, 27, 26, 26, 25, 25, 24, 24, 23, 23, 22, 22, 21, 21, 20, 20, 19, 19, 18, 18, 17, 17, 16, 16, 15, 15, 14, 14, 13, 13, 12, 12, 11, 11, 10, 10, 9, 9, 8, 8, 7, 7, 6, 6, 5, 5, 4, 4, 3, 3, 2, 2, 1, 1, 0], "trapdoor_triggered": [0, 0, 0, 0, 0, 0, 0, 0, 0, 0, 0, 0, 0, 0, 0, 0, 0, 0, 0, 0, 0, 0, 0, 0, 0, 0, 0, 0, 0, 0, 0, 0, 0, 0, 0, 1, 0, 0, 0, 0, 0, 0, 0, 0, 0, 0, 0, 0, 0, 0, 0, 0, 0, 0, 0, 0, 0, 0, 0, 0, 0, 0, 0, 0, 0, 0, 0, 0, 0, 0, 0, 0, 0, 0, 0, 0, 0, 0, 0, 0], "left_behind": ["turd", "egg", "turd", "turd", "plain", "turd", "plain", "plain", "plain", "egg", "turd", "plain", "plain", "egg", "plain", "plain", "egg", "plain", "plain", "plain", "plain", "egg", "turd", "plain", "turd", "plain", "plain", "plain", "plain", "plain", "plain", "plain", "egg", "turd", "plain", "turd", "plain", "plain", "plain", "plain", "plain", "plain", "plain", "turd", "plain", "egg", "plain", "plain", "plain", "egg", "plain", "plain", "egg", "plain", "plain", "plain", "plain", "plain", "plain", "plain", "plain", "plain", "plain", "plain", "plain", "plain", "plain", "plain", "egg", "plain", "plain", "plain", "plain", "plain", "plain", "plain", "plain", "plain", "plain", "plain"], "errlog_a": "", "errlog_b": "", "start_time": 360, "start_moves": 40, "turn_count": 80, "result": 0, "reason": "EGGS_LAID", "trapdoors": [[3, 3], [5, 4]], "spawn_a": [5, 7], "spawn_b": [5, 0]}