{"pos": [[0, 7], [7, 7], [0, 6], [6, 7], [0, 5], [7, 7], [0, 4], [7, 6], [0, 5], [7, 7], [0, 4], [7, 6], [1, 4], [7, 7], [2, 4], [7, 6], [2, 3], [7, 7], [1, 3], [7, 6], [1, 4], [7, 7], [1, 5], [6, 7], [2, 5], [7, 7], [2, 6], [6, 7], [3, 6], [7, 7], [3, 7], [7, 6], [2, 7], [7, 5], [3, 7], [7, 6], [4, 7], [7, 7], [4, 6], [6, 7], [3, 6], [6, 6], [3, 7], [7, 6], [3, 6], [7, 7], [2, 6], [7, 6], [3, 6], [6, 6], [3, 7], [7, 6], [3, 6], [7, 7], [3, 5], [6, 7], [3, 6], [7, 7], [4, 6], [7, 6], [4, 7], [7, 5], [3, 7], [7, 6], [4, 7], [7, 7], [4, 6], [6, 7], [4, 7], [7, 7], [3, 7], [7, 6], [4, 7], [7, 5], [3, 7], [6, 5], [2, 7], [6, 4], [2, 6], [7, 4]], "a_eggs_laid": [1, 1, 1, 1, 1, 1, 1, 1, 1, 1, 1, 1, 1, 1, 1, 1, 1, 1, 1, 1, 1, 1, 1, 1, 1, 1, 1, 1, 1, 1, 1, 1, 2, 2, 2, 2, 2, 2, 2, 2, 2, 2, 2, 2, 2, 2, 2, 2, 3, 3, 3, 3, 3, 3, 3, 3, 4, 4, 4, 4, 5, 5, 5, 5, 5, 5, 5, 5, 5, 5, 5, 5, 5, 5, 5, 5, 5, 5, 5, 5], "b_eggs_laid": [0, 0, 0, 0, 0, 0, 0, 0, 0, 1, 1, 1, 1, 1, 1, 1, 1, 1, 1, 1, 1, 1, 1, 1, 1, 1, 1, 1, 1, 1, 1, 1, 1, 1, 1, 1, 1, 1, 1, 1, 1, 1, 1, 1, 1, 1, 1, 1, 1, 1, 1, 1, 1, 1, 1, 1, 1, 1, 1, 1, 1, 1, 1, 1, 1, 1, 1, 1, 1, 1, 1, 1, 1, 1, 1, 1, 1, 1, 1, 1], "a_turds_left": [5, 5, 4, 4, 4, 4, 3, 3, 2, 2, 2, 2, 2, 2, 1, 1, 1, 1, 0, 0, 0, 0, 0, 0, 0, 0, 0, 0, 0, 0, 0, 0, 0, 0, 0, 0, 0, 0, 0, 0, 0, 0, 0, 0, 0, 0, 0, 0, 0, 0, 0, 0, 0, 0, 0, 0, 0, 0, 0, 0, 0, 0, 0, 0, 0, 0, 0, 0, 0, 0, 0, 0, 0, 0, 0, 0, 0, 0, 0, 0], "b_turds_left": [5, 5, 5, 5, 5, 5, 5, 4, 4, 4, 4, 4, 4, 4, 4, 4, 4, 4, 4, 4, 4, 4, 4, 4, 4, 4, 4, 4, 4, 3, 3, 3, 3, 3, 3, 3, 3, 3, 3, 3, 3, 3, 3, 3, 3, 3, 3, 3, 3, 3, 3, 3, 3, 3, 3, 3, 3, 3, 3, 3, 3, 3, 3, 3, 3, 3, 3, 3, 3, 3, 3, 3, 3, 3, 3, 2, 2, 1, 1, 0], "a_time_left": [359.9876219, 359.9876219, 359.98685220000004, 359.98685220000004, 359.98473820000004, 359.98473820000004, 359.98152070000003, 359.98152070000003, 359.9801701, 359.9801701, 359.9783024000001, 359.9783024000001, 359.9769675000001, 359.9769675000001, 359.9758021000001, 359.9758021000001, 359.9752151000001, 359.9752151000001, 359.97341070000004, 359.97341070000004, 359.9723455000001, 359.9723455000001, 359.96958000000006, 359.96958000000006, 359.9683511000002, 359.9683511000002, 359.96719250000024, 359.96719250000024, 359.9652983000002, 359.9652983000002, 359.9645329000002, 359.9645329000002, 359.96265730000016, 359.96265730000016, 359.96144000000015, 359.96144000000015, 359.9601020000001, 359.9601020000001, 359.9590858, 359.9590858, 359.9585049000001, 359.9585049000001, 359.95680230000005, 359.95680230000005, 359.9556362000001, 359.9556362000001, 359.9540549000001, 359.9540549000001, 359.95346500000005, 359.95346500000005, 359.9517488, 359.9517488, 359.9493661, 359.9493661, 359.94732050000005, 359.94732050000005, 359.9459474, 359.9459474, 359.94500800000003, 359.94500800000003, 359.94276130000003, 359.94276130000003, 359.94145189999995, 359.94145189999995, 359.94015549999995, 359.94015549999995, 359.93944439999996, 359.93944439999996, 359.93826979999994, 359.93826979999994, 359.9371085999999, 359.9371085999999, 359.9344888999998, 359.9344888999998, 359.9316686999998, 359.9316686999998, 359.93013689999987, 359.93013689999987, 359.9277712999999, 359.9277712999999], "b_time_left": [360, 358.46055520000004, 358.46055520000004, 356.95939880000014, 356.95939880000014, 355.4579722000001, 355.4579722000001, 353.95711870000014, 353.95711870000014, 352.45622860000014, 352.45622860000014, 350.95525280000015, 350.95525280000015, 349.45434320000015, 349.45434320000015, 347.95366850000016, 347.95366850000016, 346.45247210000014, 346.45247210000014, 344.95190090000017, 344.95190090000017, 343.45085480000023, 343.45085480000023, 341.9501150000003, 341.9501150000003, 340.4495985000003, 340.4495985000003, 338.94840990000023, 338.94840990000023, 337.42356280000024, 337.42356280000024, 335.9225838000003, 335.9225838000003, 334.42180910000036, 334.42180910000036, 332.92084000000034, 332.92084000000034, 331.42034890000036, 331.42034890000036, 329.91127110000036, 329.91127110000036, 328.4101777000004, 328.4101777000004, 326.90891060000047, 326.90891060000047, 325.4078623000005, 325.4078623000005, 323.9061314000005, 323.9061314000005, 322.40510480000046, 322.40510480000046, 320.9045640000005, 320.9045640000005, 319.4036280000005, 319.4036280000005, 317.9026085000005, 317.9026085000005, 316.4016171000004, 316.4016171000004, 314.9006179000004, 314.9006179000004, 313.3996976000004, 313.3996976000004, 311.89897790000043, 311.89897790000043, 310.3978957000004, 310.3978957000004, 308.8975513000004, 308.8975513000004, 307.3965029000003, 307.3965029000003, 305.89464990000033, 305.89464990000033, 304.3936194000004, 304.3936194000004, 302.89276180000036, 302.89276180000036, 301.3920142000004, 301.3920142000004, 299.8904173000004], "a_moves_left": [39, 39, 38, 38, 37, 37, 36, 36, 35, 35, 34, 34, 33, 33, 32, 32, 31, 31, 30, 30, 29, 29, 28, 28, 27, 27, 26, 26, 25, 25, 24, 24, 23, 23, 22, 22, 21, 21, 20, 20, 19, 19, 18, 18, 17, 17, 16, 16, 15, 15, 14, 14, 13, 13, 12, 12, 11, 11, 10, 10, 9, 9, 8, 8, 7, 7, 6, 6, 5, 5, 4, 4, 3, 3, 2, 2, 1, 1, 0, 0], "b_moves_left": [40, 39, 39, 38, 38, 37, 37, 36, 36, 35, 35, 34, 34, 33, 33, 32, 32, 31, 31, 30, 30, 29, 29, 28, 28, 27, 27, 26, 26, 25, 25, 24, 24, 23, 23, 22, 22, 21, 21, 20, 20, 19, 19, 18, 18, 17, 17, 16, 16, 15, 15, 14, 14, 13, 13, 12, 12, 11, 11, 10, 10, 9, 9, 8, 8, 7, 7, 6, 6, 5, 5, 4, 4, 3, 3, 2, 2, 1, 1, 0], "trapdoor_triggered": [0, 0, 0, 0, 0, 0, 0, 0, 0, 0, 0, 0, 0, 0, 0, 0, 0, 0, 0, 0, 0, 0, 0, 0, 0, 0, 0, 0, 0, 0, 0, 0, 0, 0, 0, 0, 0, 0, 0, 0, 0, 0, 0, 0, 0, 0, 0, 0, 0, 0, 0, 0, 0, 0, 0, 0, 0, 0, 0, 0, 0, 0, 0, 0, 0, 0, 0, 0, 0, 0, 0, 0, 0, 0, 0, 0, 0, 0, 0, 0], "left_behind": ["egg", "plain", "turd", "plain", "plain", "plain", "turd", "turd", "turd", "egg", "plain", "plain", "plain", "plain", "turd", "plain", "plain", "plain", "turd", "plain", "plain", "plain", "plain", "plain", "plain", "plain", "plain", "plain", "plain", "turd", "plain", "plain", "egg", "plain", "plain", "plain", "plain", "plain", "plain", "plain", "plain", "plain", "plain", "plain", "plain", "plain", "plain", "plain", "egg", "plain", "plain", "plain", "plain", "plain", "plain", "plain", "egg", "plain", "plain", "plain", "egg", "plain", "plain", "plain", "plain", "plain", "plain", "plain", "plain", "plain", "plain", "plain", "plain", "plain", "plain", "turd", "plain", "turd", "plain", "turd"], "errlog_a": "", "errlog_b": "", "start_time": 360, "start_moves": 40, "turn_count": 80, "result": 0, "reason": "EGGS_LAID", "trapdoors": [[4, 4], [4, 3]], "spawn_a": [0, 6], "spawn_b": [7, 6]}