{"pos": [[6, 3], [0, 4], [6, 4], [0, 5], [6, 5], [1, 5], [5, 5], [1, 6], [5, 6], [1, 5], [5, 5], [1, 6], [5, 6], [1, 5], [5, 5], [0, 5], [4, 5], [1, 5]], "a_eggs_laid": [1, 1, 1, 1, 2, 2, 2, 2, 3, 3, 3, 3, 3, 3, 3, 3, 3, 3], "b_eggs_laid": [0, 0, 0, 0, 0, 0, 0, 0, 0, 0, 0, 0, 0, 0, 0, 0, 0, 0], "a_turds_left": [5, 5, 5, 5, 5, 5, 5, 5, 5, 5, 5, 5, 5, 5, 5, 5, 5, 5], "b_turds_left": [5, 5, 5, 5, 5, 4, 4, 3, 3, 2, 2, 2, 2, 2, 2, 2, 2, 2], "a_time_left": [359.99907559999974, 359.99907559999974, 359.9985023999998, 359.9985023999998, 359.9981687999998, 359.9981687999998, 359.9978527000003, 359.9978527000003, 359.9975299000007, 359.9975299000007, 359.9972288000008, 359.9972288000008, 359.9969236000006, 359.9969236000006, 359.9966249000008, 359.9966249000008, 359.9961077000007, 359.9961077000007], "b_time_left": [360, 359.98890889999984, 359.98890889999984, 359.98880819999977, 359.98880819999977, 359.98874520000027, 359.98874520000027, 359.98868650000077, 359.98868650000077, 359.9886202000007, 359.9886202000007, 359.98852910000096, 359.98852910000096, 359.9884604000008, 359.9884604000008, 359.9883744000008, 359.9883744000008, 359.9883161000007], "a_moves_left": [39, 39, 38, 38, 37, 37, 36, 36, 35, 35, 34, 34, 33, 33, 32, 32, 31, 31], "b_moves_left": [40, 39, 39, 38, 38, 37, 37, 36, 36, 35, 35, 34, 34, 33, 33, 32, 32, 31], "trapdoor_triggered": [0, 0, 0, 0, 0, 0, 0, 0, 0, 0, 0, 0, 0, 0, 0, 0, 0, 0], "left_behind": ["egg", "plain", "plain", "plain", "egg", "turd", "plain", "turd", "egg", "turd", "plain", "plain", "plain", "plain", "plain", "plain", "plain", "plain"], "errlog_a": "Traceback (most recent call last):\n  File \"D:\\Intellij_Things\\CS_3600\\dist\\engine\\player_process.py\", line 280, in run_player_process\n    player_move = player.play(\n        temp_board, trapdoor_samples, time_left_func\n    )\n  File \"D:\\Intellij_Things\\CS_3600\\dist\\3600-agents\\WillieMakeit\\agent.py\", line 245, in play\n    if min_distance <= 2 and board.chicken_player.has_turds_left < 5:\n                             ^^^^^^^^^^^^^^^^^^^^^^^^^^^^^^^^^^^^^^^\nTypeError: '<' not supported between instances of 'method' and 'int'\n", "errlog_b": "", "start_time": 360, "start_moves": 40, "turn_count": 18, "result": 1, "reason": "CODE_CRASH", "trapdoors": [[2, 2], [4, 3]], "spawn_a": [7, 3], "spawn_b": [0, 3]}