{"pos": [[1, 2], [6, 2], [2, 2], [6, 1], [2, 1], [7, 1], [3, 1], [7, 0], [3, 0], [6, 0], [4, 0], [6, 1], [4, 1], [5, 1]], "a_eggs_laid": [0, 0, 0, 0, 0, 0, 0, 0, 0, 0, 0, 0, 0, 0], "b_eggs_laid": [0, 0, 0, 0, 0, 0, 0, 0, 0, 3, 3, 3, 3, 3], "a_turds_left": [5, 5, 5, 5, 5, 5, 5, 5, 5, 5, 4, 4, 3, 3], "b_turds_left": [5, 4, 4, 4, 4, 3, 3, 3, 3, 3, 3, 2, 2, 2], "a_time_left": [359.9994952000002, 359.9994952000002, 359.9991938000003, 359.9991938000003, 359.9989867000004, 359.9989867000004, 359.9988135000003, 359.9988135000003, 359.9983084000005, 359.9983084000005, 359.9981418000002, 359.9981418000002, 359.99797230000013, 359.99797230000013], "b_time_left": [360, 359.98874790000036, 359.98874790000036, 359.9886653000003, 359.9886653000003, 359.9885860000004, 359.9885860000004, 359.9884999000001, 359.9884999000001, 359.9883891000004, 359.9883891000004, 359.9883223000006, 359.9883223000006, 359.9882503000008], "a_moves_left": [39, 39, 38, 38, 37, 37, 36, 36, 35, 35, 34, 34, 33, 33], "b_moves_left": [40, 39, 39, 38, 38, 37, 37, 36, 36, 35, 35, 34, 34, 33], "trapdoor_triggered": [0, 0, 0, 0, 0, 0, 0, 0, 0, 0, 0, 0, 0, 0, 0], "left_behind": ["plain", "turd", "plain", "plain", "plain", "turd", "plain", "plain", "plain", "egg", "turd", "turd", "turd", "plain"], "errlog_a": "", "errlog_b": "{moves}", "start_time": 360, "start_moves": 40, "turn_count": 14, "result": 1, "reason": "INVALID_TURN", "trapdoors": [[4, 2], [3, 4]], "spawn_a": [0, 2], "spawn_b": [7, 2]}