{"pos": [[6, 3], [1, 3], [5, 3], [2, 3], [4, 3], [2, 2], [4, 2], [3, 2]], "a_eggs_laid": [1, 1, 1, 1, 1, 1, 1, 1], "b_eggs_laid": [0, 0, 0, 0, 0, 1, 1, 1], "a_turds_left": [5, 5, 5, 5, 4, 4, 3, 3], "b_turds_left": [5, 4, 4, 3, 3, 3, 3, 3], "a_time_left": [359.9992423999993, 359.9992423999993, 359.9989104999995, 359.9989104999995, 359.9986068999997, 359.9986068999997, 359.9983143999998, 359.9983143999998], "b_time_left": [360, 359.9894099999992, 359.9894099999992, 359.9893444999989, 359.9893444999989, 359.9892757999987, 359.9892757999987, 359.9892171999991], "a_moves_left": [39, 39, 38, 38, 37, 37, 36, 36], "b_moves_left": [40, 39, 39, 38, 38, 37, 37, 36], "trapdoor_triggered": [0, 0, 0, 0, 0, 0, 0, 0, 0], "left_behind": ["egg", "turd", "plain", "turd", "turd", "egg", "turd", "plain"], "errlog_a": "", "errlog_b": "{moves}", "start_time": 360, "start_moves": 40, "turn_count": 8, "result": 1, "reason": "INVALID_TURN", "trapdoors": [[3, 3], [4, 5]], "spawn_a": [7, 3], "spawn_b": [0, 3]}