{"pos": [[5, 0], [5, 7], [6, 0], [4, 7], [5, 0], [3, 7], [5, 1], [3, 6], [6, 1], [4, 6], [6, 2], [4, 5], [6, 3], [5, 5], [5, 3], [4, 6], [4, 3], [5, 6], [4, 2], [5, 5], [4, 3], [3, 7], [4, 2], [2, 7], [3, 2], [1, 7], [2, 2], [1, 6], [1, 2], [2, 6], [1, 1], [1, 6], [2, 1], [1, 7], [3, 1], [2, 7], [4, 1], [3, 7], [5, 1], [2, 7], [6, 1], [2, 6], [6, 2], [2, 5], [6, 1], [1, 5], [6, 0], [1, 4], [7, 0], [0, 4], [6, 0], [0, 5], [7, 0], [0, 6], [7, 1], [1, 6], [7, 0], [0, 6], [7, 1], [0, 5], [7, 2], [0, 6], [7, 1], [1, 6], [7, 0], [2, 6], [7, 1], [1, 6], [6, 1], [1, 5], [7, 1], [1, 6], [7, 0], [1, 7], [7, 1], [1, 6], [7, 0], [1, 5], [7, 1], [1, 4]], "a_eggs_laid": [1, 1, 1, 1, 2, 2, 2, 2, 2, 2, 2, 2, 3, 3, 7, 7, 7, 7, 7, 7, 12, 12, 12, 12, 12, 12, 12, 12, 12, 12, 12, 12, 12, 12, 12, 12, 13, 13, 13, 13, 13, 13, 13, 13, 13, 13, 13, 13, 13, 13, 13, 13, 13, 13, 13, 13, 14, 14, 14, 14, 14, 14, 14, 14, 14, 14, 14, 14, 14, 14, 14, 14, 14, 14, 14, 14, 14, 14, 14, 14], "b_eggs_laid": [0, 0, 0, 0, 0, 1, 1, 1, 1, 2, 2, 2, 2, 2, 2, 2, 2, 2, 2, 3, 3, 3, 3, 3, 3, 4, 4, 4, 4, 5, 5, 5, 5, 5, 5, 5, 5, 5, 5, 5, 5, 5, 5, 5, 5, 5, 5, 5, 5, 6, 6, 6, 6, 6, 6, 6, 6, 6, 6, 6, 6, 6, 6, 6, 6, 6, 6, 6, 6, 6, 6, 6, 6, 6, 6, 6, 6, 6, 6, 6], "a_turds_left": [5, 5, 5, 5, 5, 5, 4, 4, 3, 3, 3, 3, 3, 3, 3, 3, 3, 3, 3, 3, 3, 3, 3, 3, 3, 3, 2, 2, 2, 2, 1, 1, 0, 0, 0, 0, 0, 0, 0, 0, 0, 0, 0, 0, 0, 0, 0, 0, 0, 0, 0, 0, 0, 0, 0, 0, 0, 0, 0, 0, 0, 0, 0, 0, 0, 0, 0, 0, 0, 0, 0, 0, 0, 0, 0, 0, 0, 0, 0, 0], "b_turds_left": [5, 5, 5, 4, 4, 4, 4, 3, 3, 3, 3, 2, 2, 1, 1, 1, 1, 1, 1, 1, 1, 1, 1, 1, 1, 1, 1, 0, 0, 0, 0, 0, 0, 0, 0, 0, 0, 0, 0, 0, 0, 0, 0, 0, 0, 0, 0, 0, 0, 0, 0, 0, 0, 0, 0, 0, 0, 0, 0, 0, 0, 0, 0, 0, 0, 0, 0, 0, 0, 0, 0, 0, 0, 0, 0, 0, 0, 0, 0, 0], "a_time_left": [359.9880771999999, 359.9880771999999, 359.9879157999999, 359.9879157999999, 359.9877568999998, 359.9877568999998, 359.9876038999996, 359.9876038999996, 359.98743829999967, 359.98743829999967, 359.9872835999995, 359.9872835999995, 359.9871214999994, 359.9871214999994, 359.9869605999993, 359.9869605999993, 359.9867814999993, 359.9867814999993, 359.98662349999927, 359.98662349999927, 359.98639389999926, 359.98639389999926, 359.9862378999992, 359.9862378999992, 359.9860847999994, 359.9860847999994, 359.9858402999994, 359.9858402999994, 359.9856794999994, 359.9856794999994, 359.9855275999994, 359.9855275999994, 359.98537099999953, 359.98537099999953, 359.98520709999957, 359.98520709999957, 359.98479719999955, 359.98479719999955, 359.9845517999995, 359.9845517999995, 359.9840193999996, 359.9840193999996, 359.98385489999964, 359.98385489999964, 359.9836873999998, 359.9836873999998, 359.98331599999983, 359.98331599999983, 359.9827932999999, 359.9827932999999, 359.98257279999984, 359.98257279999984, 359.98224830000004, 359.98224830000004, 359.98204020000003, 359.98204020000003, 359.9818989999999, 359.9818989999999, 359.98169889999986, 359.98169889999986, 359.98154899999986, 359.98154899999986, 359.9813243999997, 359.9813243999997, 359.9811050999997, 359.9811050999997, 359.9808538999996, 359.9808538999996, 359.9806608999995, 359.9806608999995, 359.9804287999996, 359.9804287999996, 359.98018409999963, 359.98018409999963, 359.9798642999997, 359.9798642999997, 359.9795928999997, 359.9795928999997, 359.9793324999996, 359.9793324999996], "b_time_left": [360, 359.98805790000006, 359.98805790000006, 359.9879896, 359.9879896, 359.98782559999995, 359.98782559999995, 359.9877612, 359.9877612, 359.9876090999999, 359.9876090999999, 359.9874556999998, 359.9874556999998, 359.9872730999998, 359.9872730999998, 359.9872071, 359.9872071, 359.9871441, 359.9871441, 359.9869656999999, 359.9869656999999, 359.98627399999987, 359.98627399999987, 359.9862070999998, 359.9862070999998, 359.9861341999997, 359.9861341999997, 359.98606059999975, 359.98606059999975, 359.98592589999976, 359.98592589999976, 359.9857731999998, 359.9857731999998, 359.9856107999999, 359.9856107999999, 359.9855482999999, 359.9855482999999, 359.9854228999998, 359.9854228999998, 359.9853521999996, 359.9853521999996, 359.9852225999996, 359.9852225999996, 359.9851543999996, 359.9851543999996, 359.98508679999964, 359.98508679999964, 359.98495569999955, 359.98495569999955, 359.9848329999995, 359.9848329999995, 359.98470979999956, 359.98470979999956, 359.9846431999995, 359.9846431999995, 359.98458249999953, 359.98458249999953, 359.98446899999954, 359.98446899999954, 359.9843381999997, 359.9843381999997, 359.9842658999996, 359.9842658999996, 359.9841997999995, 359.9841997999995, 359.98410489999947, 359.98410489999947, 359.98401399999966, 359.98401399999966, 359.98385649999955, 359.98385649999955, 359.98372909999966, 359.98372909999966, 359.9836422999997, 359.9836422999997, 359.9835237999996, 359.9835237999996, 359.98335419999967, 359.98335419999967, 359.9832523999996], "a_moves_left": [39, 39, 38, 38, 37, 37, 36, 36, 35, 35, 34, 34, 33, 33, 32, 32, 31, 31, 30, 30, 29, 29, 28, 28, 27, 27, 26, 26, 25, 25, 24, 24, 23, 23, 22, 22, 21, 21, 20, 20, 19, 19, 18, 18, 17, 17, 16, 16, 15, 15, 14, 14, 13, 13, 12, 12, 11, 11, 10, 10, 9, 9, 8, 8, 7, 7, 6, 6, 5, 5, 4, 4, 3, 3, 2, 2, 1, 1, 0, 0], "b_moves_left": [40, 39, 39, 38, 38, 37, 37, 36, 36, 35, 35, 34, 34, 33, 33, 32, 32, 31, 31, 30, 30, 29, 29, 28, 28, 27, 27, 26, 26, 25, 25, 24, 24, 23, 23, 22, 22, 21, 21, 20, 20, 19, 19, 18, 18, 17, 17, 16, 16, 15, 15, 14, 14, 13, 13, 12, 12, 11, 11, 10, 10, 9, 9, 8, 8, 7, 7, 6, 6, 5, 5, 4, 4, 3, 3, 2, 2, 1, 1, 0], "trapdoor_triggered": [0, 0, 0, 0, 0, 0, 0, 0, 0, 0, 0, 0, 0, 1, 0, 0, 0, 0, 0, 1, 0, 0, 0, 0, 0, 0, 0, 0, 0, 0, 0, 0, 0, 0, 0, 0, 0, 0, 0, 0, 0, 0, 0, 0, 0, 0, 0, 0, 0, 0, 0, 0, 0, 0, 0, 0, 0, 0, 0, 0, 0, 0, 0, 0, 0, 0, 0, 0, 0, 0, 0, 0, 0, 0, 0, 0, 0, 0, 0, 0], "left_behind": ["egg", "plain", "plain", "turd", "egg", "egg", "turd", "turd", "turd", "egg", "plain", "turd", "egg", "turd", "plain", "plain", "plain", "plain", "plain", "egg", "egg", "plain", "plain", "plain", "plain", "egg", "turd", "turd", "plain", "egg", "turd", "plain", "turd", "plain", "plain", "plain", "egg", "plain", "plain", "plain", "plain", "plain", "plain", "plain", "plain", "plain", "plain", "plain", "plain", "egg", "plain", "plain", "plain", "plain", "plain", "plain", "egg", "plain", "plain", "plain", "plain", "plain", "plain", "plain", "plain", "plain", "plain", "plain", "plain", "plain", "plain", "plain", "plain", "plain", "plain", "plain", "plain", "plain", "plain", "plain"], "errlog_a": "", "errlog_b": "", "start_time": 360, "start_moves": 40, "turn_count": 80, "result": 0, "reason": "EGGS_LAID", "trapdoors": [[5, 5], [3, 4]], "spawn_a": [4, 0], "spawn_b": [4, 7]}