{"pos": [[1, 2], [6, 2], [2, 2], [6, 3], [3, 2], [6, 2], [4, 2], [7, 2], [5, 2], [7, 3], [6, 2], [6, 3]], "a_eggs_laid": [1, 1, 1, 1, 2, 2, 2, 2, 2, 2, 2, 2], "b_eggs_laid": [0, 0, 0, 0, 0, 0, 0, 0, 0, 0, 0, 0], "a_turds_left": [5, 5, 5, 5, 5, 5, 4, 4, 3, 3, 2, 2], "b_turds_left": [5, 5, 5, 5, 5, 5, 5, 5, 5, 5, 5, 5], "a_time_left": [359.99916739999935, 359.99916739999935, 359.9987653999988, 359.9987653999988, 359.99841809999907, 359.99841809999907, 359.9981323999991, 359.9981323999991, 359.9972522999997, 359.9972522999997, 359.9969491999991, 359.9969491999991], "b_time_left": [360, 359.98922480000056, 359.98922480000056, 359.98915230000057, 359.98915230000057, 359.9890759000009, 359.9890759000009, 359.9890038000012, 359.9890038000012, 359.98893900000076, 359.98893900000076, 359.98882700000104], "a_moves_left": [39, 39, 38, 38, 37, 37, 36, 36, 35, 35, 34, 34], "b_moves_left": [40, 39, 39, 38, 38, 37, 37, 36, 36, 35, 35, 34], "trapdoor_triggered": [0, 0, 0, 0, 0, 0, 0, 0, 0, 0, 0, 0, 0], "left_behind": ["egg", "plain", "plain", "plain", "egg", "plain", "turd", "plain", "turd", "plain", "turd", "plain"], "errlog_a": "", "errlog_b": "{moves}", "start_time": 360, "start_moves": 40, "turn_count": 12, "result": 1, "reason": "INVALID_TURN", "trapdoors": [[4, 4], [5, 4]], "spawn_a": [0, 2], "spawn_b": [7, 2]}