{"pos": [[1, 2], [7, 1], [2, 2], [7, 2], [3, 2], [6, 2], [0, 1], [6, 3], [0, 0], [5, 3], [1, 0], [5, 4], [2, 0]], "a_eggs_laid": [0, 0, 0, 0, 0, 0, 0, 0, 0, 0, 0, 0, 0], "b_eggs_laid": [0, 0, 0, 0, 0, 4, 4, 4, 4, 5, 5, 5, 5], "a_turds_left": [4, 4, 4, 4, 4, 4, 4, 4, 4, 4, 4, 4, 3], "b_turds_left": [5, 4, 4, 4, 4, 4, 4, 4, 4, 4, 4, 3, 3], "a_time_left": [359.98610009999993, 359.98610009999993, 359.9856708, 359.9856708, 359.9851524999999, 359.9851524999999, 359.98478039999986, 359.98478039999986, 359.98451599999976, 359.98451599999976, 359.98424699999964, 359.98424699999964, 359.98379399999976], "b_time_left": [360, 358.44570139999996, 358.44570139999996, 356.9447044000001, 356.9447044000001, 355.4438136000001, 355.4438136000001, 353.94263750000005, 353.94263750000005, 352.4419212999999, 352.4419212999999, 350.94109230000004, 350.94109230000004], "a_moves_left": [39, 39, 38, 38, 37, 37, 36, 36, 35, 35, 34, 34, 33], "b_moves_left": [40, 39, 39, 38, 38, 37, 37, 36, 36, 35, 35, 34, 34], "trapdoor_triggered": [0, 0, 0, 0, 1, 0, 0, 0, 0, 0, 0, 0, 0], "left_behind": ["turd", "turd", "plain", "plain", "plain", "plain", "plain", "plain", "plain", "egg", "plain", "turd", "turd"], "errlog_a": "", "errlog_b": "Timeout", "start_time": 360, "start_moves": 40, "turn_count": 13, "result": 0, "reason": "CODE_CRASH", "trapdoors": [[4, 4], [3, 2]], "spawn_a": [0, 2], "spawn_b": [7, 2]}