{"pos": [[4, 1], [5, 7], [4, 2], [5, 6], [3, 2], [6, 6], [4, 2], [7, 6], [3, 2], [7, 7], [3, 3], [7, 6], [4, 1], [7, 7], [4, 2], [7, 6], [3, 2], [6, 6], [4, 2], [7, 6], [4, 3], [6, 6], [4, 4], [6, 5], [4, 5], [6, 6], [3, 5], [7, 6], [3, 4], [6, 6], [3, 0], [6, 7], [3, 1], [6, 6], [4, 1], [5, 6], [3, 1], [6, 6], [2, 1], [6, 7], [3, 1], [7, 7], [3, 0], [6, 7], [3, 1], [6, 6], [3, 2], [6, 5], [2, 2], [6, 6], [1, 2], [5, 6], [0, 2], [6, 6], [1, 2], [6, 5], [1, 1], [6, 6], [1, 0], [5, 6], [2, 0], [5, 7], [2, 1], [5, 6], [2, 2], [6, 6], [3, 2], [6, 7], [4, 2], [7, 7], [4, 3], [6, 7], [4, 4], [7, 7], [4, 3], [6, 7], [4, 2], [5, 7], [5, 2], [5, 6]], "a_eggs_laid": [0, 0, 0, 0, 0, 0, 0, 0, 0, 0, 0, 0, 0, 0, 0, 0, 0, 0, 0, 0, 0, 0, 0, 0, 0, 0, 0, 0, 1, 1, 1, 1, 1, 1, 1, 1, 1, 1, 2, 2, 2, 2, 2, 2, 2, 2, 2, 2, 2, 2, 3, 3, 3, 3, 3, 3, 3, 3, 3, 3, 3, 3, 3, 3, 3, 3, 3, 3, 3, 3, 3, 3, 3, 3, 3, 3, 3, 3, 3, 3], "b_eggs_laid": [0, 0, 0, 0, 0, 0, 0, 0, 0, 0, 0, 4, 4, 5, 5, 5, 5, 5, 5, 5, 5, 5, 5, 5, 5, 5, 5, 5, 5, 9, 9, 9, 9, 10, 10, 10, 10, 10, 10, 10, 10, 10, 10, 10, 10, 10, 10, 10, 10, 10, 10, 10, 10, 10, 10, 10, 10, 10, 10, 10, 10, 10, 10, 10, 10, 10, 10, 10, 10, 10, 10, 10, 10, 10, 10, 10, 10, 10, 10, 10], "a_turds_left": [5, 5, 5, 5, 4, 4, 3, 3, 3, 3, 3, 3, 2, 2, 2, 2, 2, 2, 2, 2, 2, 2, 2, 2, 2, 2, 1, 1, 1, 1, 1, 1, 1, 1, 1, 1, 1, 1, 1, 1, 1, 1, 1, 1, 1, 1, 1, 1, 1, 1, 1, 1, 1, 1, 0, 0, 0, 0, 0, 0, 0, 0, 0, 0, 0, 0, 0, 0, 0, 0, 0, 0, 0, 0, 0, 0, 0, 0, 0, 0], "b_turds_left": [5, 5, 5, 5, 5, 4, 4, 4, 4, 4, 4, 4, 4, 4, 4, 3, 3, 3, 3, 2, 2, 2, 2, 2, 2, 1, 1, 1, 1, 1, 1, 1, 1, 1, 1, 1, 1, 1, 1, 1, 1, 1, 1, 1, 1, 1, 1, 1, 1, 1, 1, 1, 1, 1, 1, 1, 1, 1, 1, 1, 1, 1, 1, 0, 0, 0, 0, 0, 0, 0, 0, 0, 0, 0, 0, 0, 0, 0, 0, 0], "a_time_left": [359.9862034, 359.9862034, 359.98593270000015, 359.98593270000015, 359.9857635000001, 359.9857635000001, 359.9855682, 359.9855682, 359.98528520000013, 359.98528520000013, 359.98508300000026, 359.98508300000026, 359.9845565000003, 359.9845565000003, 359.9840935000002, 359.9840935000002, 359.98393340000007, 359.98393340000007, 359.9836786999999, 359.9836786999999, 359.98346620000007, 359.98346620000007, 359.9832457, 359.9832457, 359.98286540000004, 359.98286540000004, 359.9827064000001, 359.9827064000001, 359.9824357, 359.9824357, 359.9820574999999, 359.9820574999999, 359.9816858999998, 359.9816858999998, 359.9813921999996, 359.9813921999996, 359.9811585999996, 359.9811585999996, 359.9806341999997, 359.9806341999997, 359.98038229999975, 359.98038229999975, 359.9799384999999, 359.9799384999999, 359.97953189999976, 359.97953189999976, 359.97924109999985, 359.97924109999985, 359.97904129999984, 359.97904129999984, 359.9787487999997, 359.9787487999997, 359.97857299999987, 359.97857299999987, 359.97839829999975, 359.97839829999975, 359.97824219999984, 359.97824219999984, 359.97805319999975, 359.97805319999975, 359.9779007999998, 359.9779007999998, 359.9776596999998, 359.9776596999998, 359.97749839999983, 359.97749839999983, 359.97714339999993, 359.97714339999993, 359.976813, 359.976813, 359.9764875999999, 359.9764875999999, 359.97596099999987, 359.97596099999987, 359.9757960999998, 359.9757960999998, 359.97555699999975, 359.97555699999975, 359.97520389999954, 359.97520389999954], "b_time_left": [360, 359.9860274, 359.9860274, 359.9859620000002, 359.9859620000002, 359.9858879000003, 359.9858879000003, 359.9858237000003, 359.9858237000003, 359.9857519000004, 359.9857519000004, 359.9856528000005, 359.9856528000005, 359.98555290000036, 359.98555290000036, 359.98548640000035, 359.98548640000035, 359.98533710000015, 359.98533710000015, 359.98526820000006, 359.98526820000006, 359.98519770000007, 359.98519770000007, 359.9851226999999, 359.9851226999999, 359.98503789999995, 359.98503789999995, 359.9849458000001, 359.9849458000001, 359.9848548000002, 359.9848548000002, 359.9847519000002, 359.9847519000002, 359.9846392000002, 359.9846392000002, 359.98451450000016, 359.98451450000016, 359.9843516000001, 359.9843516000001, 359.9842259000002, 359.9842259000002, 359.9841189000001, 359.9841189000001, 359.98395230000006, 359.98395230000006, 359.98382960000004, 359.98382960000004, 359.9837341, 359.9837341, 359.98350529999993, 359.98350529999993, 359.9834311999998, 359.9834311999998, 359.9833256999998, 359.9833256999998, 359.98325409999984, 359.98325409999984, 359.9831820999998, 359.9831820999998, 359.9830429999997, 359.9830429999997, 359.9829741999997, 359.9829741999997, 359.9828862999998, 359.9828862999998, 359.9828046, 359.9828046, 359.9827407, 359.9827407, 359.98267340000007, 359.98267340000007, 359.9825791999999, 359.9825791999999, 359.98250370000005, 359.98250370000005, 359.9823830999999, 359.9823830999999, 359.9822993, 359.9822993, 359.9822315000001], "a_moves_left": [39, 39, 38, 38, 37, 37, 36, 36, 35, 35, 34, 34, 33, 33, 32, 32, 31, 31, 30, 30, 29, 29, 28, 28, 27, 27, 26, 26, 25, 25, 24, 24, 23, 23, 22, 22, 21, 21, 20, 20, 19, 19, 18, 18, 17, 17, 16, 16, 15, 15, 14, 14, 13, 13, 12, 12, 11, 11, 10, 10, 9, 9, 8, 8, 7, 7, 6, 6, 5, 5, 4, 4, 3, 3, 2, 2, 1, 1, 0, 0], "b_moves_left": [40, 39, 39, 38, 38, 37, 37, 36, 36, 35, 35, 34, 34, 33, 33, 32, 32, 31, 31, 30, 30, 29, 29, 28, 28, 27, 27, 26, 26, 25, 25, 24, 24, 23, 23, 22, 22, 21, 21, 20, 20, 19, 19, 18, 18, 17, 17, 16, 16, 15, 15, 14, 14, 13, 13, 12, 12, 11, 11, 10, 10, 9, 9, 8, 8, 7, 7, 6, 6, 5, 5, 4, 4, 3, 3, 2, 2, 1, 1, 0], "trapdoor_triggered": [0, 0, 0, 0, 0, 0, 0, 0, 0, 0, 1, 0, 0, 0, 0, 0, 0, 0, 0, 0, 0, 0, 0, 0, 0, 0, 0, 0, 1, 0, 0, 0, 0, 0, 0, 0, 0, 0, 0, 0, 0, 0, 0, 0, 0, 0, 0, 0, 0, 0, 0, 0, 0, 0, 0, 0, 0, 0, 0, 0, 0, 0, 0, 0, 0, 0, 0, 0, 0, 0, 0, 0, 0, 0, 0, 0, 0, 0, 0, 0], "left_behind": ["plain", "plain", "plain", "plain", "turd", "turd", "turd", "plain", "plain", "plain", "plain", "plain", "turd", "egg", "plain", "turd", "plain", "plain", "plain", "turd", "plain", "plain", "plain", "plain", "plain", "turd", "turd", "plain", "egg", "plain", "plain", "plain", "plain", "egg", "plain", "plain", "plain", "plain", "egg", "plain", "plain", "plain", "plain", "plain", "plain", "plain", "plain", "plain", "plain", "plain", "egg", "plain", "plain", "plain", "turd", "plain", "plain", "plain", "plain", "plain", "plain", "plain", "plain", "turd", "plain", "plain", "plain", "plain", "plain", "plain", "plain", "plain", "plain", "plain", "plain", "plain", "plain", "plain", "plain", "plain"], "errlog_a": "", "errlog_b": "", "start_time": 360, "start_moves": 40, "turn_count": 80, "result": 1, "reason": "EGGS_LAID", "trapdoors": [[3, 3], [3, 4]], "spawn_a": [4, 0], "spawn_b": [4, 7]}