{"pos": [[6, 7], [6, 0], [5, 7], [6, 1], [4, 7], [7, 1], [5, 7], [7, 2], [6, 7], [7, 1], [5, 7], [7, 0], [4, 7], [7, 1], [5, 7], [7, 2], [4, 7], [6, 2], [5, 7], [6, 3], [4, 7], [6, 2], [3, 7], [6, 1], [4, 7], [6, 2], [4, 6], [5, 2], [5, 6], [4, 2], [6, 6], [4, 1], [6, 7], [4, 2], [7, 7], [5, 2], [6, 7], [5, 1], [7, 7], [6, 1], [7, 6], [6, 0], [7, 7], [7, 0], [6, 7], [7, 1], [6, 6], [7, 2], [6, 5], [6, 2], [6, 6], [6, 1], [5, 6], [7, 1], [5, 5], [7, 0], [5, 6], [6, 0], [4, 6], [7, 0], [4, 5], [7, 1], [5, 5], [7, 2], [4, 5], [7, 1], [3, 5], [6, 1], [3, 4], [6, 2], [3, 5], [6, 3], [4, 5], [6, 2], [5, 5], [6, 3], [5, 6], [5, 3], [5, 5], [6, 3]], "a_eggs_laid": [0, 0, 0, 0, 0, 0, 0, 0, 0, 0, 0, 0, 0, 0, 0, 0, 0, 0, 0, 0, 0, 0, 0, 0, 0, 0, 0, 0, 1, 1, 1, 1, 2, 2, 2, 2, 5, 5, 5, 5, 5, 5, 5, 5, 5, 5, 5, 5, 5, 5, 5, 5, 5, 5, 5, 5, 6, 6, 6, 6, 6, 6, 6, 6, 6, 6, 6, 6, 7, 7, 7, 7, 7, 7, 7, 7, 7, 7, 7, 7], "b_eggs_laid": [0, 0, 0, 0, 0, 0, 0, 0, 0, 0, 0, 0, 0, 3, 3, 3, 3, 4, 4, 4, 4, 5, 5, 5, 5, 5, 5, 5, 5, 6, 6, 6, 6, 7, 7, 7, 7, 7, 7, 7, 7, 7, 7, 7, 7, 7, 7, 7, 7, 7, 7, 7, 7, 7, 7, 7, 7, 7, 7, 7, 7, 7, 7, 7, 7, 7, 7, 7, 7, 7, 7, 7, 7, 7, 7, 7, 7, 7, 7, 7], "a_turds_left": [5, 5, 4, 4, 3, 3, 3, 3, 3, 3, 3, 3, 3, 3, 2, 2, 2, 2, 2, 2, 2, 2, 2, 2, 1, 1, 1, 1, 1, 1, 1, 1, 1, 1, 1, 1, 1, 1, 1, 1, 1, 1, 1, 1, 1, 1, 1, 1, 1, 1, 0, 0, 0, 0, 0, 0, 0, 0, 0, 0, 0, 0, 0, 0, 0, 0, 0, 0, 0, 0, 0, 0, 0, 0, 0, 0, 0, 0, 0, 0], "b_turds_left": [5, 5, 5, 5, 5, 5, 5, 5, 5, 5, 5, 5, 5, 5, 5, 4, 4, 4, 4, 3, 3, 3, 3, 3, 3, 3, 3, 3, 3, 3, 3, 2, 2, 2, 2, 2, 2, 2, 2, 2, 2, 2, 2, 1, 1, 1, 1, 1, 1, 1, 1, 1, 1, 0, 0, 0, 0, 0, 0, 0, 0, 0, 0, 0, 0, 0, 0, 0, 0, 0, 0, 0, 0, 0, 0, 0, 0, 0, 0, 0], "a_time_left": [359.98945660000004, 359.98945660000004, 359.9893004999999, 359.9893004999999, 359.9889945, 359.9889945, 359.9888435999999, 359.9888435999999, 359.9886919999999, 359.9886919999999, 359.98853499999973, 359.98853499999973, 359.9883828999998, 359.9883828999998, 359.9882055999997, 359.9882055999997, 359.9879629999998, 359.9879629999998, 359.98779519999994, 359.98779519999994, 359.9876383999999, 359.9876383999999, 359.98749499999985, 359.98749499999985, 359.98734409999975, 359.98734409999975, 359.9871998999997, 359.9871998999997, 359.9870457999998, 359.9870457999998, 359.98689209999975, 359.98689209999975, 359.98644829999967, 359.98644829999967, 359.98608569999965, 359.98608569999965, 359.9859356999998, 359.9859356999998, 359.9857929, 359.9857929, 359.98565080000003, 359.98565080000003, 359.9855063, 359.9855063, 359.98535460000016, 359.98535460000016, 359.9852082000002, 359.9852082000002, 359.9850534000002, 359.9850534000002, 359.98490890000016, 359.98490890000016, 359.98459010000033, 359.98459010000033, 359.9844410000003, 359.9844410000003, 359.98428240000044, 359.98428240000044, 359.98413750000054, 359.98413750000054, 359.9839434000005, 359.9839434000005, 359.9838034000004, 359.9838034000004, 359.9836620000003, 359.9836620000003, 359.9835231000002, 359.9835231000002, 359.98337900000024, 359.98337900000024, 359.9832424000001, 359.9832424000001, 359.9830994000001, 359.9830994000001, 359.9829612000001, 359.9829612000001, 359.9828099000001, 359.9828099000001, 359.9824268000002, 359.9824268000002], "b_time_left": [360, 359.9898409000002, 359.9898409000002, 359.98977880000007, 359.98977880000007, 359.9896268, 359.9896268, 359.9895672, 359.9895672, 359.9894997000001, 359.9894997000001, 359.98942920000013, 359.98942920000013, 359.98936600000025, 359.98936600000025, 359.9892835000003, 359.9892835000003, 359.98920020000037, 359.98920020000037, 359.98913410000046, 359.98913410000046, 359.9890664000004, 359.9890664000004, 359.98900540000045, 359.98900540000045, 359.9889377000004, 359.9889377000004, 359.9888769000004, 359.9888769000004, 359.98880920000033, 359.98880920000033, 359.9887388000002, 359.9887388000002, 359.9886647000001, 359.9886647000001, 359.9885346000001, 359.9885346000001, 359.9884671, 359.9884671, 359.98840799999994, 359.98840799999994, 359.9883375999998, 359.9883375999998, 359.98827729999994, 359.98827729999994, 359.9882181999999, 359.9882181999999, 359.98816050000005, 359.98816050000005, 359.9880989999999, 359.9880989999999, 359.98804169999994, 359.98804169999994, 359.9879722999999, 359.9879722999999, 359.9879154999999, 359.9879154999999, 359.98785339999995, 359.98785339999995, 359.98779880000006, 359.98779880000006, 359.98774320000007, 359.98774320000007, 359.9876902000001, 359.9876902000001, 359.98763840000015, 359.98763840000015, 359.9875922000001, 359.9875922000001, 359.98753280000005, 359.98753280000005, 359.9874778000001, 359.9874778000001, 359.9874168000001, 359.9874168000001, 359.9873650000002, 359.9873650000002, 359.98730520000026, 359.98730520000026, 359.98722160000034], "a_moves_left": [39, 39, 38, 38, 37, 37, 36, 36, 35, 35, 34, 34, 33, 33, 32, 32, 31, 31, 30, 30, 29, 29, 28, 28, 27, 27, 26, 26, 25, 25, 24, 24, 23, 23, 22, 22, 21, 21, 20, 20, 19, 19, 18, 18, 17, 17, 16, 16, 15, 15, 14, 14, 13, 13, 12, 12, 11, 11, 10, 10, 9, 9, 8, 8, 7, 7, 6, 6, 5, 5, 4, 4, 3, 3, 2, 2, 1, 1, 0, 0], "b_moves_left": [40, 39, 39, 38, 38, 37, 37, 36, 36, 35, 35, 34, 34, 33, 33, 32, 32, 31, 31, 30, 30, 29, 29, 28, 28, 27, 27, 26, 26, 25, 25, 24, 24, 23, 23, 22, 22, 21, 21, 20, 20, 19, 19, 18, 18, 17, 17, 16, 16, 15, 15, 14, 14, 13, 13, 12, 12, 11, 11, 10, 10, 9, 9, 8, 8, 7, 7, 6, 6, 5, 5, 4, 4, 3, 3, 2, 2, 1, 1, 0], "trapdoor_triggered": [0, 0, 0, 0, 0, 0, 0, 0, 0, 0, 0, 0, 0, 0, 0, 0, 0, 0, 0, 0, 0, 0, 0, 0, 0, 0, 0, 0, 0, 0, 0, 0, 0, 0, 0, 0, 0, 0, 0, 0, 0, 0, 0, 0, 0, 0, 0, 0, 0, 0, 0, 0, 0, 0, 0, 0, 0, 0, 0, 0, 0, 0, 0, 0, 0, 0, 0, 0, 0, 0, 0, 0, 0, 0, 0, 0, 0, 0, 0, 0], "left_behind": ["plain", "plain", "turd", "plain", "turd", "plain", "plain", "plain", "plain", "plain", "plain", "plain", "plain", "egg", "turd", "turd", "plain", "egg", "plain", "turd", "plain", "egg", "plain", "plain", "turd", "plain", "plain", "plain", "egg", "egg", "plain", "turd", "egg", "egg", "plain", "plain", "egg", "plain", "plain", "plain", "plain", "plain", "plain", "turd", "plain", "plain", "plain", "plain", "plain", "plain", "turd", "plain", "plain", "turd", "plain", "plain", "egg", "plain", "plain", "plain", "plain", "plain", "plain", "plain", "plain", "plain", "plain", "plain", "egg", "plain", "plain", "plain", "plain", "plain", "plain", "plain", "plain", "plain", "plain", "plain"], "errlog_a": "", "errlog_b": "", "start_time": 360, "start_moves": 40, "turn_count": 80, "result": 2, "reason": "EGGS_LAID", "trapdoors": [[4, 4], [4, 3]], "spawn_a": [5, 7], "spawn_b": [5, 0]}