{"pos": [[6, 1], [5, 7], [7, 1], [5, 6], [6, 1], [4, 6], [7, 1], [4, 7], [6, 1], [4, 6], [6, 2], [5, 6], [7, 2], [5, 7], [6, 2], [6, 7], [7, 2], [5, 7], [7, 3], [6, 7], [6, 3], [6, 6], [7, 3], [7, 6], [7, 2], [7, 7], [7, 3], [7, 6], [6, 3], [7, 5], [5, 3], [7, 4], [5, 2], [7, 5], [5, 3], [6, 5], [6, 3], [5, 5], [7, 3], [5, 6], [6, 3], [6, 6], [6, 2], [5, 6], [6, 3], [4, 6], [5, 3], [3, 6], [5, 2], [3, 7], [6, 2], [2, 7], [6, 3], [2, 6], [6, 2], [2, 5], [6, 1], [2, 6], [7, 1], [2, 7], [7, 0], [2, 6], [6, 0], [3, 6], [6, 1], [3, 7], [6, 0], [2, 7], [7, 0], [2, 6], [7, 1], [1, 6], [6, 1], [1, 7], [5, 1], [0, 7], [5, 2], [0, 6], [6, 2], [1, 6]], "a_eggs_laid": [1, 1, 1, 1, 1, 1, 1, 1, 2, 2, 2, 2, 2, 2, 2, 2, 2, 2, 2, 2, 3, 3, 3, 3, 3, 3, 3, 3, 3, 3, 3, 3, 3, 3, 3, 3, 3, 3, 3, 3, 3, 3, 3, 3, 3, 3, 3, 3, 3, 3, 3, 3, 3, 3, 3, 3, 3, 3, 3, 3, 3, 3, 3, 3, 3, 3, 3, 3, 3, 3, 3, 3, 3, 3, 3, 3, 4, 4, 4, 4], "b_eggs_laid": [0, 1, 1, 1, 1, 1, 1, 1, 1, 1, 1, 1, 1, 1, 1, 1, 1, 1, 1, 1, 1, 1, 1, 1, 1, 1, 1, 1, 1, 1, 1, 1, 1, 1, 1, 1, 1, 2, 2, 2, 2, 2, 2, 2, 2, 2, 2, 2, 2, 3, 3, 3, 3, 3, 3, 3, 3, 4, 4, 4, 4, 5, 5, 5, 5, 5, 5, 5, 5, 5, 5, 5, 5, 6, 6, 6, 6, 6, 6, 6], "a_turds_left": [5, 5, 5, 5, 5, 5, 4, 4, 4, 4, 4, 4, 3, 3, 3, 3, 3, 3, 3, 3, 3, 3, 2, 2, 2, 2, 2, 2, 2, 2, 2, 2, 2, 2, 2, 2, 1, 1, 1, 1, 1, 1, 1, 1, 1, 1, 1, 1, 1, 1, 0, 0, 0, 0, 0, 0, 0, 0, 0, 0, 0, 0, 0, 0, 0, 0, 0, 0, 0, 0, 0, 0, 0, 0, 0, 0, 0, 0, 0, 0], "b_turds_left": [5, 5, 5, 5, 5, 4, 4, 3, 3, 3, 3, 3, 3, 3, 3, 3, 3, 3, 3, 2, 2, 2, 2, 1, 1, 0, 0, 0, 0, 0, 0, 0, 0, 0, 0, 0, 0, 0, 0, 0, 0, 0, 0, 0, 0, 0, 0, 0, 0, 0, 0, 0, 0, 0, 0, 0, 0, 0, 0, 0, 0, 0, 0, 0, 0, 0, 0, 0, 0, 0, 0, 0, 0, 0, 0, 0, 0, 0, 0, 0], "a_time_left": [359.98838939999996, 359.98838939999996, 359.98815799999966, 359.98815799999966, 359.9879761999996, 359.9879761999996, 359.9878049999993, 359.9878049999993, 359.9876335999993, 359.9876335999993, 359.9874653999991, 359.9874653999991, 359.9872320999989, 359.9872320999989, 359.98705119999886, 359.98705119999886, 359.986871099999, 359.986871099999, 359.9866915999992, 359.9866915999992, 359.98649849999947, 359.98649849999947, 359.9863268999993, 359.9863268999993, 359.98615109999946, 359.98615109999946, 359.98598959999936, 359.98598959999936, 359.9858255999993, 359.9858255999993, 359.9856553999989, 359.9856553999989, 359.985468899999, 359.985468899999, 359.98528529999885, 359.98528529999885, 359.9850421999986, 359.9850421999986, 359.9848777999987, 359.9848777999987, 359.9847175999985, 359.9847175999985, 359.98455369999874, 359.98455369999874, 359.9842644999985, 359.9842644999985, 359.98403839999855, 359.98403839999855, 359.98386299999856, 359.98386299999856, 359.9836889999988, 359.9836889999988, 359.98351399999865, 359.98351399999865, 359.9833461999983, 359.9833461999983, 359.9831747999983, 359.9831747999983, 359.983015299998, 359.983015299998, 359.98285469999837, 359.98285469999837, 359.9827034999985, 359.9827034999985, 359.9825471999984, 359.9825471999984, 359.9823824999985, 359.9823824999985, 359.98221249999824, 359.98221249999824, 359.9820479999985, 359.9820479999985, 359.9818821999984, 359.9818821999984, 359.98168869999836, 359.98168869999836, 359.9815176999987, 359.9815176999987, 359.981355599999, 359.981355599999], "b_time_left": [360, 359.98926040000015, 359.98926040000015, 359.9891939000004, 359.9891939000004, 359.9891271000006, 359.9891271000006, 359.9890569000004, 359.9890569000004, 359.9889883000005, 359.9889883000005, 359.98891750000075, 359.98891750000075, 359.98884500000077, 359.98884500000077, 359.9886939000007, 359.9886939000007, 359.98863280000114, 359.98863280000114, 359.9885703000009, 359.9885703000009, 359.98850470000116, 359.98850470000116, 359.98843640000086, 359.98843640000086, 359.9883640000012, 359.9883640000012, 359.9883044000012, 359.9883044000012, 359.98824710000144, 359.98824710000144, 359.9881951000016, 359.9881951000016, 359.9881379000017, 359.9881379000017, 359.98807570000145, 359.98807570000145, 359.98800610000126, 359.98800610000126, 359.98794320000115, 359.98794320000115, 359.9878759000012, 359.9878759000012, 359.9878176000011, 359.9878176000011, 359.98774970000113, 359.98774970000113, 359.98767080000107, 359.98767080000107, 359.9875940000011, 359.9875940000011, 359.98753290000104, 359.98753290000104, 359.98747010000125, 359.98747010000125, 359.9874149000011, 359.9874149000011, 359.9873418000011, 359.9873418000011, 359.98726750000105, 359.98726750000105, 359.9871918000008, 359.9871918000008, 359.98712160000105, 359.98712160000105, 359.98705320000136, 359.98705320000136, 359.9869991000014, 359.9869991000014, 359.9869410000015, 359.9869410000015, 359.98688120000133, 359.98688120000133, 359.98681580000175, 359.98681580000175, 359.98676320000186, 359.98676320000186, 359.98670270000184, 359.98670270000184, 359.98662670000203], "a_moves_left": [39, 39, 38, 38, 37, 37, 36, 36, 35, 35, 34, 34, 33, 33, 32, 32, 31, 31, 30, 30, 29, 29, 28, 28, 27, 27, 26, 26, 25, 25, 24, 24, 23, 23, 22, 22, 21, 21, 20, 20, 19, 19, 18, 18, 17, 17, 16, 16, 15, 15, 14, 14, 13, 13, 12, 12, 11, 11, 10, 10, 9, 9, 8, 8, 7, 7, 6, 6, 5, 5, 4, 4, 3, 3, 2, 2, 1, 1, 0, 0], "b_moves_left": [40, 39, 39, 38, 38, 37, 37, 36, 36, 35, 35, 34, 34, 33, 33, 32, 32, 31, 31, 30, 30, 29, 29, 28, 28, 27, 27, 26, 26, 25, 25, 24, 24, 23, 23, 22, 22, 21, 21, 20, 20, 19, 19, 18, 18, 17, 17, 16, 16, 15, 15, 14, 14, 13, 13, 12, 12, 11, 11, 10, 10, 9, 9, 8, 8, 7, 7, 6, 6, 5, 5, 4, 4, 3, 3, 2, 2, 1, 1, 0], "trapdoor_triggered": [0, 0, 0, 0, 0, 0, 0, 0, 0, 0, 0, 0, 0, 0, 0, 0, 0, 0, 0, 0, 0, 0, 0, 0, 0, 0, 0, 0, 0, 0, 0, 0, 0, 0, 0, 0, 0, 0, 0, 0, 0, 0, 0, 0, 0, 0, 0, 0, 0, 0, 0, 0, 0, 0, 0, 0, 0, 0, 0, 0, 0, 0, 0, 0, 0, 0, 0, 0, 0, 0, 0, 0, 0, 0, 0, 0, 0, 0, 0, 0], "left_behind": ["egg", "egg", "plain", "plain", "plain", "turd", "turd", "turd", "egg", "plain", "plain", "plain", "turd", "plain", "plain", "plain", "plain", "plain", "plain", "turd", "egg", "plain", "turd", "turd", "plain", "turd", "plain", "plain", "plain", "plain", "plain", "plain", "plain", "plain", "plain", "plain", "turd", "egg", "plain", "plain", "plain", "plain", "plain", "plain", "plain", "plain", "plain", "plain", "plain", "egg", "turd", "plain", "plain", "plain", "plain", "plain", "plain", "egg", "plain", "plain", "plain", "egg", "plain", "plain", "plain", "plain", "plain", "plain", "plain", "plain", "plain", "plain", "plain", "egg", "plain", "plain", "egg", "plain", "plain", "plain"], "errlog_a": "", "errlog_b": "", "start_time": 360, "start_moves": 40, "turn_count": 80, "result": 1, "reason": "EGGS_LAID", "trapdoors": [[4, 4], [2, 3]], "spawn_a": [6, 0], "spawn_b": [6, 7]}