{"pos": [[2, 7], [4, 0], [1, 7], [4, 1], [0, 7], [5, 1], [1, 7], [5, 0], [0, 7], [4, 0], [1, 7], [3, 0], [1, 6], [2, 0], [0, 6], [2, 1], [0, 5], [1, 1], [0, 6], [2, 1], [1, 6], [1, 1], [1, 7], [1, 0], [1, 6], [1, 1], [1, 5], [0, 1], [2, 5], [0, 0], [2, 4], [0, 1], [3, 4], [0, 2], [2, 4], [1, 2], [3, 4], [0, 2], [4, 4], [1, 2], [3, 6], [0, 2], [3, 7], [1, 2], [2, 7], [0, 2], [3, 7], [0, 3], [4, 7], [0, 4], [4, 6], [0, 3], [3, 6], [0, 2], [3, 7], [1, 2], [2, 7], [1, 1], [2, 6], [2, 1], [2, 7], [2, 2], [1, 7], [1, 2], [1, 6], [2, 2], [0, 6], [1, 2], [0, 7], [1, 3], [0, 6], [1, 2], [1, 6], [0, 2], [2, 6], [1, 2], [1, 6], [2, 2], [1, 7], [1, 2]], "a_eggs_laid": [0, 0, 0, 0, 0, 0, 0, 0, 0, 0, 0, 0, 1, 1, 1, 1, 1, 1, 1, 1, 1, 1, 1, 1, 1, 1, 1, 1, 1, 1, 1, 1, 1, 1, 1, 1, 1, 1, 1, 1, 1, 1, 1, 1, 1, 1, 1, 1, 1, 1, 1, 1, 2, 2, 2, 2, 2, 2, 2, 2, 2, 2, 2, 2, 2, 2, 2, 2, 2, 2, 2, 2, 2, 2, 2, 2, 3, 3, 3, 3], "b_eggs_laid": [0, 1, 1, 1, 1, 1, 1, 1, 1, 1, 1, 1, 1, 1, 1, 1, 1, 1, 1, 1, 1, 1, 1, 1, 1, 1, 1, 1, 1, 2, 2, 2, 2, 2, 2, 2, 2, 3, 3, 7, 7, 7, 7, 7, 7, 7, 7, 7, 7, 8, 8, 8, 8, 8, 8, 8, 8, 8, 8, 8, 8, 8, 8, 8, 8, 8, 8, 8, 8, 8, 8, 8, 8, 8, 8, 8, 8, 8, 8, 8], "a_turds_left": [4, 4, 4, 4, 4, 4, 3, 3, 3, 3, 3, 3, 3, 3, 2, 2, 2, 2, 2, 2, 1, 1, 1, 1, 1, 1, 1, 1, 1, 1, 1, 1, 0, 0, 0, 0, 0, 0, 0, 0, 0, 0, 0, 0, 0, 0, 0, 0, 0, 0, 0, 0, 0, 0, 0, 0, 0, 0, 0, 0, 0, 0, 0, 0, 0, 0, 0, 0, 0, 0, 0, 0, 0, 0, 0, 0, 0, 0, 0, 0], "b_turds_left": [5, 5, 5, 4, 4, 3, 3, 2, 2, 1, 1, 1, 1, 1, 1, 1, 1, 1, 1, 1, 1, 0, 0, 0, 0, 0, 0, 0, 0, 0, 0, 0, 0, 0, 0, 0, 0, 0, 0, 0, 0, 0, 0, 0, 0, 0, 0, 0, 0, 0, 0, 0, 0, 0, 0, 0, 0, 0, 0, 0, 0, 0, 0, 0, 0, 0, 0, 0, 0, 0, 0, 0, 0, 0, 0, 0, 0, 0, 0, 0], "a_time_left": [359.9575317, 359.9575317, 359.95675560000006, 359.95675560000006, 359.95549700000004, 359.95549700000004, 359.95389550000004, 359.95389550000004, 359.95136390000005, 359.95136390000005, 359.9497812000001, 359.9497812000001, 359.9484821000001, 359.9484821000001, 359.94610690000013, 359.94610690000013, 359.9449055000001, 359.9449055000001, 359.9438799000002, 359.9438799000002, 359.9421962000001, 359.9421962000001, 359.9403221000001, 359.9403221000001, 359.9385767000001, 359.9385767000001, 359.93768720000014, 359.93768720000014, 359.9367318000002, 359.9367318000002, 359.93536410000013, 359.93536410000013, 359.9343600000001, 359.9343600000001, 359.9317295000001, 359.9317295000001, 359.92919860000006, 359.92919860000006, 359.9267185, 359.9267185, 359.9240171, 359.9240171, 359.9203355000001, 359.9203355000001, 359.9177466000001, 359.9177466000001, 359.9132161000001, 359.9132161000001, 359.9122033000001, 359.9122033000001, 359.91043550000006, 359.91043550000006, 359.9088044000001, 359.9088044000001, 359.90789700000016, 359.90789700000016, 359.9060684000001, 359.9060684000001, 359.90480460000015, 359.90480460000015, 359.9017927000002, 359.9017927000002, 359.89978440000027, 359.89978440000027, 359.8975158000003, 359.8975158000003, 359.8944773000003, 359.8944773000003, 359.8920532000003, 359.8920532000003, 359.8900017000003, 359.8900017000003, 359.88762750000024, 359.88762750000024, 359.88523950000024, 359.88523950000024, 359.88279390000025, 359.88279390000025, 359.8800448000003, 359.8800448000003], "b_time_left": [360, 358.4637699, 358.4637699, 356.9628263999999, 356.9628263999999, 355.46188599999994, 355.46188599999994, 353.96062129999996, 353.96062129999996, 352.4597273999999, 352.4597273999999, 350.95866039999987, 350.95866039999987, 349.45782269999984, 349.45782269999984, 347.9569200999998, 347.9569200999998, 346.45615159999977, 346.45615159999977, 344.9549863999997, 344.9549863999997, 343.4538851999996, 343.4538851999996, 341.9529490999996, 341.9529490999996, 340.4512651999996, 340.4512651999996, 338.9505577999996, 338.9505577999996, 337.45013309999956, 337.45013309999956, 335.9493794999995, 335.9493794999995, 334.44873979999954, 334.44873979999954, 332.9478173999996, 332.9478173999996, 331.4470709999996, 331.4470709999996, 329.94609969999954, 329.94609969999954, 328.4453311999996, 328.4453311999996, 326.9424978999996, 326.9424978999996, 325.4380126999996, 325.4380126999996, 323.93722669999954, 323.93722669999954, 322.43643189999955, 322.43643189999955, 320.93564839999954, 320.93564839999954, 319.4348817999995, 319.4348817999995, 317.9342237999996, 317.9342237999996, 316.43325769999956, 316.43325769999956, 314.93248549999964, 314.93248549999964, 313.4309806999996, 313.4309806999996, 311.9294832999997, 311.9294832999997, 310.4285789999997, 310.4285789999997, 308.9278393999996, 308.9278393999996, 307.4263095999996, 307.4263095999996, 305.9252597999996, 305.9252597999996, 304.4225268999995, 304.4225268999995, 302.9211146999995, 302.9211146999995, 301.41963059999955, 301.41963059999955, 299.9182463999996], "a_moves_left": [39, 39, 38, 38, 37, 37, 36, 36, 35, 35, 34, 34, 33, 33, 32, 32, 31, 31, 30, 30, 29, 29, 28, 28, 27, 27, 26, 26, 25, 25, 24, 24, 23, 23, 22, 22, 21, 21, 20, 20, 19, 19, 18, 18, 17, 17, 16, 16, 15, 15, 14, 14, 13, 13, 12, 12, 11, 11, 10, 10, 9, 9, 8, 8, 7, 7, 6, 6, 5, 5, 4, 4, 3, 3, 2, 2, 1, 1, 0, 0], "b_moves_left": [40, 39, 39, 38, 38, 37, 37, 36, 36, 35, 35, 34, 34, 33, 33, 32, 32, 31, 31, 30, 30, 29, 29, 28, 28, 27, 27, 26, 26, 25, 25, 24, 24, 23, 23, 22, 22, 21, 21, 20, 20, 19, 19, 18, 18, 17, 17, 16, 16, 15, 15, 14, 14, 13, 13, 12, 12, 11, 11, 10, 10, 9, 9, 8, 8, 7, 7, 6, 6, 5, 5, 4, 4, 3, 3, 2, 2, 1, 1, 0], "trapdoor_triggered": [0, 0, 0, 0, 0, 0, 0, 0, 0, 0, 0, 0, 0, 0, 0, 0, 0, 0, 0, 0, 0, 0, 0, 0, 0, 0, 0, 0, 0, 0, 0, 0, 0, 0, 0, 0, 0, 0, 1, 0, 0, 0, 0, 0, 0, 0, 0, 0, 0, 0, 0, 0, 0, 0, 0, 0, 0, 0, 0, 0, 0, 0, 0, 0, 0, 0, 0, 0, 0, 0, 0, 0, 0, 0, 0, 0, 0, 0, 0, 0], "left_behind": ["turd", "egg", "plain", "turd", "plain", "turd", "turd", "turd", "plain", "turd", "plain", "plain", "egg", "plain", "turd", "plain", "plain", "plain", "plain", "plain", "turd", "turd", "plain", "plain", "plain", "plain", "plain", "plain", "plain", "egg", "plain", "plain", "turd", "plain", "plain", "plain", "plain", "egg", "plain", "plain", "plain", "plain", "plain", "plain", "plain", "plain", "plain", "plain", "plain", "egg", "plain", "plain", "egg", "plain", "plain", "plain", "plain", "plain", "plain", "plain", "plain", "plain", "plain", "plain", "plain", "plain", "plain", "plain", "plain", "plain", "plain", "plain", "plain", "plain", "plain", "plain", "egg", "plain", "plain", "plain"], "errlog_a": "", "errlog_b": "", "start_time": 360, "start_moves": 40, "turn_count": 80, "result": 1, "reason": "EGGS_LAID", "trapdoors": [[4, 4], [3, 2]], "spawn_a": [3, 7], "spawn_b": [3, 0]}