{"pos": [[1, 2], [7, 3], [2, 2], [6, 3], [3, 2], [6, 2], [4, 2], [6, 1], [4, 1], [6, 0], [4, 0], [7, 0], [5, 0], [7, 1], [4, 0], [7, 0], [5, 0], [6, 0], [4, 0], [7, 0], [5, 0], [6, 0], [4, 0], [6, 1], [4, 1], [7, 1], [4, 0], [7, 2], [4, 1], [7, 1], [4, 0], [7, 0], [4, 1], [7, 1], [4, 0], [7, 0], [4, 1], [7, 1], [4, 0], [6, 1], [4, 1], [7, 1], [4, 0], [6, 1], [4, 1], [6, 0], [4, 0], [7, 0], [4, 1], [7, 1], [4, 0], [7, 0], [4, 1], [6, 0], [4, 0], [7, 0], [4, 1], [6, 0], [4, 0], [7, 0], [4, 1], [7, 1], [4, 0], [7, 0], [4, 1], [6, 0], [4, 0], [7, 0], [4, 1], [6, 0], [4, 0], [6, 1], [4, 1], [6, 2], [4, 2], [7, 2], [5, 2], [6, 2], [5, 3], [7, 2]], "a_eggs_laid": [1, 1, 1, 1, 2, 2, 2, 2, 2, 2, 2, 2, 2, 2, 2, 2, 2, 2, 2, 2, 2, 2, 2, 2, 2, 2, 2, 2, 2, 2, 2, 2, 2, 2, 2, 2, 2, 2, 2, 2, 2, 2, 2, 2, 2, 2, 2, 2, 2, 2, 2, 2, 2, 2, 2, 2, 2, 2, 2, 2, 2, 2, 2, 2, 2, 2, 2, 2, 2, 2, 2, 2, 2, 2, 2, 2, 2, 2, 2, 2], "b_eggs_laid": [0, 0, 0, 0, 0, 0, 0, 0, 0, 0, 0, 0, 0, 3, 3, 3, 3, 3, 3, 3, 3, 3, 3, 3, 3, 3, 3, 3, 3, 3, 3, 3, 3, 3, 3, 3, 3, 3, 3, 3, 3, 3, 3, 3, 3, 3, 3, 3, 3, 3, 3, 3, 3, 3, 3, 3, 3, 3, 3, 3, 3, 3, 3, 3, 3, 3, 3, 3, 3, 3, 3, 3, 3, 3, 3, 3, 3, 3, 3, 3], "a_turds_left": [5, 5, 5, 5, 5, 5, 4, 4, 3, 3, 2, 2, 1, 1, 1, 1, 1, 1, 1, 1, 1, 1, 1, 1, 1, 1, 1, 1, 1, 1, 1, 1, 1, 1, 1, 1, 1, 1, 1, 1, 1, 1, 1, 1, 1, 1, 1, 1, 1, 1, 1, 1, 1, 1, 1, 1, 1, 1, 1, 1, 1, 1, 1, 1, 1, 1, 1, 1, 1, 1, 1, 1, 1, 1, 1, 1, 1, 1, 1, 1], "b_turds_left": [5, 5, 5, 4, 4, 4, 4, 4, 4, 3, 3, 3, 3, 3, 3, 2, 2, 2, 2, 2, 2, 2, 2, 1, 1, 1, 1, 1, 1, 1, 1, 1, 1, 1, 1, 1, 1, 1, 1, 1, 1, 1, 1, 1, 1, 1, 1, 1, 1, 1, 1, 1, 1, 1, 1, 1, 1, 1, 1, 1, 1, 1, 1, 1, 1, 1, 1, 1, 1, 1, 1, 1, 1, 1, 1, 1, 1, 0, 0, 0], "a_time_left": [359.9992915999992, 359.9992915999992, 359.9989156999991, 359.9989156999991, 359.9986895999991, 359.9986895999991, 359.9983313999992, 359.9983313999992, 359.9980521999996, 359.9980521999996, 359.9978417000002, 359.9978417000002, 359.99761919999946, 359.99761919999946, 359.9974255999996, 359.9974255999996, 359.997202999999, 359.997202999999, 359.9970033999989, 359.9970033999989, 359.996775399999, 359.996775399999, 359.99640799999906, 359.99640799999906, 359.99614759999895, 359.99614759999895, 359.9959384999993, 359.9959384999993, 359.9957287999996, 359.9957287999996, 359.9954741999991, 359.9954741999991, 359.99525729999914, 359.99525729999914, 359.9950182999992, 359.9950182999992, 359.99480969999877, 359.99480969999877, 359.99459659999866, 359.99459659999866, 359.99439019999863, 359.99439019999863, 359.9940351999985, 359.9940351999985, 359.9938134999984, 359.9938134999984, 359.993590699999, 359.993590699999, 359.9933824999989, 359.9933824999989, 359.9931704999981, 359.9931704999981, 359.99295659999734, 359.99295659999734, 359.99273999999787, 359.99273999999787, 359.99252429999797, 359.99252429999797, 359.9922517999976, 359.9922517999976, 359.9920295999973, 359.9920295999973, 359.9918230999974, 359.9918230999974, 359.9916116999975, 359.9916116999975, 359.9913690999974, 359.9913690999974, 359.99101189999783, 359.99101189999783, 359.99075979999725, 359.99075979999725, 359.99055659999794, 359.99055659999794, 359.99030749999747, 359.99030749999747, 359.9899803999979, 359.9899803999979, 359.9897630999976, 359.9897630999976], "b_time_left": [360, 359.9894693999995, 359.9894693999995, 359.9894029999996, 359.9894029999996, 359.98932669999976, 359.98932669999976, 359.9892573999996, 359.9892573999996, 359.98917959999926, 359.98917959999926, 359.98911229999885, 359.98911229999885, 359.98900389999926, 359.98900389999926, 359.98894069999915, 359.98894069999915, 359.9888771999995, 359.9888771999995, 359.98881549999896, 359.98881549999896, 359.9887502999991, 359.9887502999991, 359.98868159999984, 359.98868159999984, 359.9886061999996, 359.9886061999996, 359.9885386999995, 359.9885386999995, 359.9884605999996, 359.9884605999996, 359.98838779999915, 359.98838779999915, 359.9883272999987, 359.9883272999987, 359.9882603999986, 359.9882603999986, 359.98819419999836, 359.98819419999836, 359.9881164999988, 359.9881164999988, 359.9879878999991, 359.9879878999991, 359.9878854999988, 359.9878854999988, 359.98776799999814, 359.98776799999814, 359.98770389999754, 359.98770389999754, 359.9876389999981, 359.9876389999981, 359.98757269999805, 359.98757269999805, 359.987507599998, 359.987507599998, 359.98744479999823, 359.98744479999823, 359.9873802999982, 359.9873802999982, 359.9873153999979, 359.9873153999979, 359.9872506999982, 359.9872506999982, 359.98718669999835, 359.98718669999835, 359.9871269999976, 359.9871269999976, 359.98706579999725, 359.98706579999725, 359.98699829999714, 359.98699829999714, 359.98693199999707, 359.98693199999707, 359.98685589999695, 359.98685589999695, 359.9867849999964, 359.9867849999964, 359.98671949999607, 359.98671949999607, 359.98666079999566], "a_moves_left": [39, 39, 38, 38, 37, 37, 36, 36, 35, 35, 34, 34, 33, 33, 32, 32, 31, 31, 30, 30, 29, 29, 28, 28, 27, 27, 26, 26, 25, 25, 24, 24, 23, 23, 22, 22, 21, 21, 20, 20, 19, 19, 18, 18, 17, 17, 16, 16, 15, 15, 14, 14, 13, 13, 12, 12, 11, 11, 10, 10, 9, 9, 8, 8, 7, 7, 6, 6, 5, 5, 4, 4, 3, 3, 2, 2, 1, 1, 0, 0], "b_moves_left": [40, 39, 39, 38, 38, 37, 37, 36, 36, 35, 35, 34, 34, 33, 33, 32, 32, 31, 31, 30, 30, 29, 29, 28, 28, 27, 27, 26, 26, 25, 25, 24, 24, 23, 23, 22, 22, 21, 21, 20, 20, 19, 19, 18, 18, 17, 17, 16, 16, 15, 15, 14, 14, 13, 13, 12, 12, 11, 11, 10, 10, 9, 9, 8, 8, 7, 7, 6, 6, 5, 5, 4, 4, 3, 3, 2, 2, 1, 1, 0], "trapdoor_triggered": [0, 0, 0, 0, 0, 0, 0, 0, 0, 0, 0, 0, 0, 0, 0, 0, 0, 0, 0, 0, 0, 0, 0, 0, 0, 0, 0, 0, 0, 0, 0, 0, 0, 0, 0, 0, 0, 0, 0, 0, 0, 0, 0, 0, 0, 0, 0, 0, 0, 0, 0, 0, 0, 0, 0, 0, 0, 0, 0, 0, 0, 0, 0, 0, 0, 0, 0, 0, 0, 0, 0, 0, 0, 0, 0, 0, 0, 0, 0, 0], "left_behind": ["egg", "plain", "plain", "turd", "egg", "plain", "turd", "plain", "turd", "turd", "turd", "plain", "turd", "egg", "plain", "turd", "plain", "plain", "plain", "plain", "plain", "plain", "plain", "turd", "plain", "plain", "plain", "plain", "plain", "plain", "plain", "plain", "plain", "plain", "plain", "plain", "plain", "plain", "plain", "plain", "plain", "plain", "plain", "plain", "plain", "plain", "plain", "plain", "plain", "plain", "plain", "plain", "plain", "plain", "plain", "plain", "plain", "plain", "plain", "plain", "plain", "plain", "plain", "plain", "plain", "plain", "plain", "plain", "plain", "plain", "plain", "plain", "plain", "plain", "plain", "plain", "plain", "turd", "plain", "plain"], "errlog_a": "", "errlog_b": "", "start_time": 360, "start_moves": 40, "turn_count": 80, "result": 1, "reason": "EGGS_LAID", "trapdoors": [[2, 4], [4, 3]], "spawn_a": [0, 2], "spawn_b": [7, 2]}