{"pos": [[1, 2], [7, 3], [2, 2], [6, 3], [3, 2], [7, 3], [4, 2], [6, 3]], "a_eggs_laid": [0, 0, 0, 0, 0, 0, 0, 0], "b_eggs_laid": [0, 1, 1, 1, 1, 1, 1, 1], "a_turds_left": [5, 5, 5, 5, 5, 5, 5, 5], "b_turds_left": [5, 5, 5, 4, 4, 4, 4, 4], "a_time_left": [359.9994485000002, 359.9994485000002, 359.9992656000004, 359.9992656000004, 359.99907480000047, 359.99907480000047, 359.99890810000034, 359.99890810000034], "b_time_left": [360, 359.98749069999985, 359.98749069999985, 359.9874166999998, 359.9874166999998, 359.9873170999995, 359.9873170999995, 359.98725419999937], "a_moves_left": [39, 39, 38, 38, 37, 37, 36, 36], "b_moves_left": [40, 39, 39, 38, 38, 37, 37, 36], "trapdoor_triggered": [0, 0, 0, 0, 0, 0, 0, 0], "left_behind": ["plain", "egg", "plain", "turd", "plain", "plain", "plain", "plain"], "errlog_a": "Traceback (most recent call last):\n  File \"D:\\Intellij_Things\\CS_3600\\dist\\engine\\player_process.py\", line 280, in run_player_process\n    player_move = player.play(\n        temp_board, trapdoor_samples, time_left_func\n    )\n  File \"D:\\Intellij_Things\\CS_3600\\dist\\3600-agents\\WillieMakeit\\agent.py\", line 255, in play\n    direction, _ = result\n    ^^^^^^^^^^^^\nValueError: not enough values to unpack (expected 2, got 1)\n", "errlog_b": "", "start_time": 360, "start_moves": 40, "turn_count": 8, "result": 1, "reason": "CODE_CRASH", "trapdoors": [[4, 4], [4, 5]], "spawn_a": [0, 2], "spawn_b": [7, 2]}