{"pos": [[4, 1], [5, 7], [5, 1], [6, 7], [6, 1], [7, 7], [7, 1], [7, 6], [7, 2], [6, 6], [7, 3], [6, 5], [7, 4], [5, 5], [7, 5], [5, 4], [7, 4], [5, 5]], "a_eggs_laid": [1, 1, 1, 1, 2, 2, 2, 2, 3, 3, 3, 3, 3, 3, 3, 3, 3, 3], "b_eggs_laid": [0, 1, 1, 1, 1, 1, 1, 1, 1, 1, 1, 1, 1, 1, 1, 1, 1, 2], "a_turds_left": [5, 5, 5, 5, 5, 5, 5, 5, 5, 5, 5, 5, 4, 4, 3, 3, 2, 2], "b_turds_left": [5, 5, 5, 4, 4, 3, 3, 2, 2, 2, 2, 2, 2, 2, 2, 1, 1, 1], "a_time_left": [359.99923430000035, 359.99923430000035, 359.999003500001, 359.999003500001, 359.99872080000114, 359.99872080000114, 359.9984355000006, 359.9984355000006, 359.99821300000076, 359.99821300000076, 359.99790890000077, 359.99790890000077, 359.9976654000002, 359.9976654000002, 359.9974477000005, 359.9974477000005, 359.9972469000004, 359.9972469000004], "b_time_left": [360, 359.9893747999995, 359.9893747999995, 359.98930479999945, 359.98930479999945, 359.989210499999, 359.989210499999, 359.98904629999925, 359.98904629999925, 359.9889742999994, 359.9889742999994, 359.9889024999993, 359.9889024999993, 359.9888300999992, 359.9888300999992, 359.98876199999904, 359.98876199999904, 359.9886786999996], "a_moves_left": [39, 39, 38, 38, 37, 37, 36, 36, 35, 35, 34, 34, 33, 33, 32, 32, 31, 31], "b_moves_left": [40, 39, 39, 38, 38, 37, 37, 36, 36, 35, 35, 34, 34, 33, 33, 32, 32, 31], "trapdoor_triggered": [0, 0, 0, 0, 0, 0, 0, 0, 0, 0, 0, 0, 0, 0, 0, 0, 0, 0, 0], "left_behind": ["egg", "egg", "plain", "turd", "egg", "turd", "plain", "turd", "egg", "plain", "plain", "plain", "turd", "plain", "turd", "turd", "turd", "egg"], "errlog_a": "", "errlog_b": "{moves}", "start_time": 360, "start_moves": 40, "turn_count": 18, "result": 1, "reason": "INVALID_TURN", "trapdoors": [[4, 2], [5, 2]], "spawn_a": [4, 0], "spawn_b": [4, 7]}