{"pos": [[6, 1], [0, 2], [6, 0], [0, 3], [5, 0], [0, 2], [6, 0], [0, 1], [5, 0], [0, 0], [4, 0], [0, 1], [5, 0], [0, 2], [4, 0], [0, 1], [3, 0], [0, 0], [4, 0], [1, 0], [4, 1], [1, 1], [4, 0], [2, 1], [3, 0], [1, 1], [4, 0], [0, 1], [3, 0], [0, 2], [4, 0], [1, 2], [4, 1], [0, 2], [4, 2], [0, 3], [5, 2], [0, 2], [6, 2], [1, 2], [5, 2], [1, 1], [6, 2], [0, 1], [7, 2], [1, 1], [6, 2], [0, 1], [6, 1], [0, 2], [5, 1], [1, 2], [5, 2], [2, 2], [6, 2], [2, 1], [6, 3], [1, 1], [6, 4], [1, 0], [6, 3], [0, 0], [6, 2], [1, 0], [7, 2], [1, 1], [7, 3], [2, 1], [6, 3], [1, 1], [6, 2], [1, 2], [6, 1], [1, 1], [7, 1], [1, 2], [6, 1], [0, 2], [5, 1], [0, 1]], "a_eggs_laid": [0, 0, 0, 0, 0, 0, 0, 0, 0, 0, 0, 0, 0, 0, 0, 0, 0, 0, 0, 0, 0, 0, 0, 0, 0, 0, 0, 0, 0, 0, 0, 0, 0, 0, 0, 0, 1, 1, 1, 1, 1, 1, 1, 1, 2, 2, 2, 2, 2, 2, 2, 2, 3, 3, 3, 3, 3, 3, 3, 3, 3, 3, 3, 3, 3, 3, 3, 3, 4, 4, 4, 4, 4, 4, 4, 4, 4, 4, 4, 4], "b_eggs_laid": [0, 0, 0, 0, 0, 0, 0, 0, 0, 1, 1, 1, 1, 1, 1, 1, 1, 1, 1, 1, 1, 2, 2, 2, 2, 2, 2, 2, 2, 2, 2, 2, 2, 2, 2, 2, 2, 2, 2, 2, 2, 2, 2, 2, 2, 2, 2, 2, 2, 2, 2, 2, 2, 2, 2, 2, 2, 2, 2, 2, 2, 2, 2, 2, 2, 2, 2, 2, 2, 2, 2, 2, 2, 3, 3, 3, 3, 3, 3, 3], "a_turds_left": [5, 5, 5, 5, 5, 5, 5, 5, 5, 5, 4, 4, 4, 4, 4, 4, 3, 3, 2, 2, 2, 2, 1, 1, 1, 1, 1, 1, 1, 1, 1, 1, 1, 1, 1, 1, 1, 1, 0, 0, 0, 0, 0, 0, 0, 0, 0, 0, 0, 0, 0, 0, 0, 0, 0, 0, 0, 0, 0, 0, 0, 0, 0, 0, 0, 0, 0, 0, 0, 0, 0, 0, 0, 0, 0, 0, 0, 0, 0, 0], "b_turds_left": [5, 5, 5, 5, 5, 4, 4, 3, 3, 3, 3, 3, 3, 3, 3, 3, 3, 3, 3, 2, 2, 2, 2, 1, 1, 0, 0, 0, 0, 0, 0, 0, 0, 0, 0, 0, 0, 0, 0, 0, 0, 0, 0, 0, 0, 0, 0, 0, 0, 0, 0, 0, 0, 0, 0, 0, 0, 0, 0, 0, 0, 0, 0, 0, 0, 0, 0, 0, 0, 0, 0, 0, 0, 0, 0, 0, 0, 0, 0, 0], "a_time_left": [359.98696529999984, 359.98696529999984, 359.98680269999977, 359.98680269999977, 359.98664299999973, 359.98664299999973, 359.9863726999997, 359.9863726999997, 359.9860640999998, 359.9860640999998, 359.98585149999985, 359.98585149999985, 359.9854803999999, 359.9854803999999, 359.9852893, 359.9852893, 359.98498300000006, 359.98498300000006, 359.9848075, 359.9848075, 359.9844773, 359.9844773, 359.9841486, 359.9841486, 359.9838582, 359.9838582, 359.9836445000001, 359.9836445000001, 359.9833784000002, 359.9833784000002, 359.9831263000001, 359.9831263000001, 359.9828666000001, 359.9828666000001, 359.9826878000001, 359.9826878000001, 359.98251030000006, 359.98251030000006, 359.9821454999999, 359.9821454999999, 359.9819296999999, 359.9819296999999, 359.98173369999995, 359.98173369999995, 359.9814979, 359.9814979, 359.981174, 359.981174, 359.9808184000001, 359.9808184000001, 359.9805044000002, 359.9805044000002, 359.9802517000003, 359.9802517000003, 359.97999270000037, 359.97999270000037, 359.9797023000003, 359.9797023000003, 359.9794788000004, 359.9794788000004, 359.97913710000057, 359.97913710000057, 359.9788193000006, 359.9788193000006, 359.97864640000057, 359.97864640000057, 359.97845920000077, 359.97845920000077, 359.97813500000075, 359.97813500000075, 359.9778036000007, 359.9778036000007, 359.97753010000065, 359.97753010000065, 359.97733450000055, 359.97733450000055, 359.9769469000007, 359.9769469000007, 359.97657290000075, 359.97657290000075], "b_time_left": [360, 359.98626979999995, 359.98626979999995, 359.9862006000001, 359.9862006000001, 359.98610439999993, 359.98610439999993, 359.9859727999999, 359.9859727999999, 359.98584789999995, 359.98584789999995, 359.985727, 359.985727, 359.9856262999999, 359.9856262999999, 359.9855009999999, 359.9855009999999, 359.98542509999993, 359.98542509999993, 359.98533529999986, 359.98533529999986, 359.9852643999998, 359.9852643999998, 359.9851490999997, 359.9851490999997, 359.9850223999997, 359.9850223999997, 359.98487269999964, 359.98487269999964, 359.9847860999996, 359.9847860999996, 359.98463839999954, 359.98463839999954, 359.9844958999995, 359.9844958999995, 359.98443119999934, 359.98443119999934, 359.98436529999935, 359.98436529999935, 359.9842738999994, 359.9842738999994, 359.98397839999916, 359.98397839999916, 359.98385539999913, 359.98385539999913, 359.983777299999, 359.983777299999, 359.983686399999, 359.983686399999, 359.98359149999897, 359.98359149999897, 359.98349919999896, 359.98349919999896, 359.98336129999893, 359.98336129999893, 359.9832803999989, 359.9832803999989, 359.9831078999989, 359.9831078999989, 359.9830323999988, 359.9830323999988, 359.98293639999883, 359.98293639999883, 359.98286319999875, 359.98286319999875, 359.98275829999875, 359.98275829999875, 359.98263789999874, 359.98263789999874, 359.9825238999988, 359.9825238999988, 359.9823819999988, 359.9823819999988, 359.9822733999988, 359.9822733999988, 359.9822018999989, 359.9822018999989, 359.982088499999, 359.982088499999, 359.981985599999], "a_moves_left": [39, 39, 38, 38, 37, 37, 36, 36, 35, 35, 34, 34, 33, 33, 32, 32, 31, 31, 30, 30, 29, 29, 28, 28, 27, 27, 26, 26, 25, 25, 24, 24, 23, 23, 22, 22, 21, 21, 20, 20, 19, 19, 18, 18, 17, 17, 16, 16, 15, 15, 14, 14, 13, 13, 12, 12, 11, 11, 10, 10, 9, 9, 8, 8, 7, 7, 6, 6, 5, 5, 4, 4, 3, 3, 2, 2, 1, 1, 0, 0], "b_moves_left": [40, 39, 39, 38, 38, 37, 37, 36, 36, 35, 35, 34, 34, 33, 33, 32, 32, 31, 31, 30, 30, 29, 29, 28, 28, 27, 27, 26, 26, 25, 25, 24, 24, 23, 23, 22, 22, 21, 21, 20, 20, 19, 19, 18, 18, 17, 17, 16, 16, 15, 15, 14, 14, 13, 13, 12, 12, 11, 11, 10, 10, 9, 9, 8, 8, 7, 7, 6, 6, 5, 5, 4, 4, 3, 3, 2, 2, 1, 1, 0], "trapdoor_triggered": [0, 0, 0, 0, 0, 0, 0, 0, 0, 0, 0, 0, 0, 0, 0, 0, 0, 0, 0, 0, 0, 0, 0, 0, 0, 0, 0, 0, 0, 0, 0, 0, 0, 0, 0, 0, 0, 0, 0, 0, 0, 0, 0, 0, 0, 0, 0, 0, 0, 0, 0, 0, 0, 0, 0, 0, 0, 0, 0, 0, 0, 0, 0, 0, 0, 0, 0, 0, 0, 0, 0, 0, 0, 0, 0, 0, 0, 0, 0, 0], "left_behind": ["plain", "plain", "plain", "plain", "plain", "turd", "plain", "turd", "plain", "egg", "turd", "plain", "plain", "plain", "plain", "plain", "turd", "plain", "turd", "turd", "plain", "egg", "turd", "turd", "plain", "turd", "plain", "plain", "plain", "plain", "plain", "plain", "plain", "plain", "plain", "plain", "egg", "plain", "turd", "plain", "plain", "plain", "plain", "plain", "egg", "plain", "plain", "plain", "plain", "plain", "plain", "plain", "egg", "plain", "plain", "plain", "plain", "plain", "plain", "plain", "plain", "plain", "plain", "plain", "plain", "plain", "plain", "plain", "egg", "plain", "plain", "plain", "plain", "egg", "plain", "plain", "plain", "plain", "plain", "plain"], "errlog_a": "", "errlog_b": "", "start_time": 360, "start_moves": 40, "turn_count": 80, "result": 0, "reason": "EGGS_LAID", "trapdoors": [[3, 3], [2, 5]], "spawn_a": [7, 1], "spawn_b": [0, 1]}