{"pos": [[1, 6], [1, 1], [0, 6], [0, 1], [0, 5], [0, 2], [0, 6], [0, 3], [0, 5], [0, 2], [1, 5], [0, 1], [2, 5], [0, 2], [1, 5], [1, 2], [1, 4], [0, 2], [2, 4], [0, 3], [2, 5], [0, 2], [2, 6], [1, 2], [2, 7], [0, 2], [1, 7], [0, 3], [1, 6], [1, 3], [0, 6], [1, 2], [0, 5], [2, 2], [0, 6], [1, 2], [0, 7], [1, 1], [1, 7], [1, 2], [2, 7], [2, 2], [3, 7], [2, 3], [3, 6], [2, 2], [4, 6], [2, 3], [4, 5], [3, 3], [4, 6], [2, 3], [3, 6], [2, 2], [2, 6], [3, 2], [3, 6], [3, 3], [4, 6], [2, 3], [5, 6], [1, 3], [4, 6], [1, 2], [4, 5], [1, 3], [4, 4], [0, 3], [4, 3], [0, 2], [5, 3], [1, 2], [6, 3], [1, 3], [6, 4], [0, 3], [5, 4], [0, 2], [4, 4], [0, 3]], "a_eggs_laid": [0, 0, 0, 0, 0, 0, 0, 0, 0, 0, 0, 0, 1, 1, 1, 1, 1, 1, 1, 1, 1, 1, 1, 1, 2, 2, 2, 2, 2, 2, 2, 2, 2, 2, 2, 2, 2, 2, 2, 2, 2, 2, 2, 2, 3, 3, 3, 3, 4, 4, 4, 4, 4, 4, 4, 4, 4, 4, 4, 4, 4, 4, 4, 4, 4, 4, 4, 4, 4, 4, 4, 4, 5, 5, 5, 5, 6, 6, 6, 6], "b_eggs_laid": [0, 0, 0, 0, 0, 1, 1, 1, 1, 1, 1, 1, 1, 1, 1, 1, 1, 1, 1, 1, 1, 1, 1, 1, 1, 1, 1, 1, 1, 1, 1, 1, 1, 1, 1, 1, 1, 1, 1, 1, 1, 1, 1, 1, 1, 1, 1, 1, 1, 2, 2, 2, 2, 2, 2, 2, 2, 2, 2, 2, 2, 2, 2, 2, 2, 2, 2, 2, 2, 2, 2, 2, 2, 2, 2, 2, 2, 2, 2, 2], "a_turds_left": [4, 4, 3, 3, 3, 3, 3, 3, 2, 2, 1, 1, 1, 1, 0, 0, 0, 0, 0, 0, 0, 0, 0, 0, 0, 0, 0, 0, 0, 0, 0, 0, 0, 0, 0, 0, 0, 0, 0, 0, 0, 0, 0, 0, 0, 0, 0, 0, 0, 0, 0, 0, 0, 0, 0, 0, 0, 0, 0, 0, 0, 0, 0, 0, 0, 0, 0, 0, 0, 0, 0, 0, 0, 0, 0, 0, 0, 0, 0, 0], "b_turds_left": [5, 5, 5, 4, 4, 4, 4, 4, 4, 3, 3, 2, 2, 2, 2, 2, 2, 1, 1, 1, 1, 1, 1, 1, 1, 1, 1, 1, 1, 1, 1, 1, 1, 1, 1, 1, 1, 1, 1, 1, 1, 1, 1, 1, 1, 1, 1, 0, 0, 0, 0, 0, 0, 0, 0, 0, 0, 0, 0, 0, 0, 0, 0, 0, 0, 0, 0, 0, 0, 0, 0, 0, 0, 0, 0, 0, 0, 0, 0, 0], "a_time_left": [359.9864778000001, 359.9864778000001, 359.98616730000003, 359.98616730000003, 359.9859549, 359.9859549, 359.9857658000001, 359.9857658000001, 359.98544990000005, 359.98544990000005, 359.98529380000014, 359.98529380000014, 359.98514660000023, 359.98514660000023, 359.9849925000003, 359.9849925000003, 359.9848480000005, 359.9848480000005, 359.9847131000006, 359.9847131000006, 359.9845712000006, 359.9845712000006, 359.98421000000076, 359.98421000000076, 359.9840571000009, 359.9840571000009, 359.98392050000075, 359.98392050000075, 359.9837651000007, 359.9837651000007, 359.9835847000006, 359.9835847000006, 359.9834435000007, 359.9834435000007, 359.9833048000007, 359.9833048000007, 359.9831571000009, 359.9831571000009, 359.9830178000009, 359.9830178000009, 359.98287800000094, 359.98287800000094, 359.98274330000095, 359.98274330000095, 359.982602600001, 359.982602600001, 359.98245810000094, 359.98245810000094, 359.98230650000096, 359.98230650000096, 359.982157800001, 359.982157800001, 359.9820100000011, 359.9820100000011, 359.9818662000009, 359.9818662000009, 359.98167580000086, 359.98167580000086, 359.9815218000008, 359.9815218000008, 359.9813670000008, 359.9813670000008, 359.9812273000007, 359.9812273000007, 359.9810852000005, 359.9810852000005, 359.9809173000003, 359.9809173000003, 359.9807358000003, 359.9807358000003, 359.9805957000003, 359.9805957000003, 359.9804503000005, 359.9804503000005, 359.9803090000005, 359.9803090000005, 359.9801654000005, 359.9801654000005, 359.9800260000004, 359.9800260000004], "b_time_left": [360, 359.9878377, 359.9878377, 359.9877275000001, 359.9877275000001, 359.98761390000004, 359.98761390000004, 359.9874846, 359.9874846, 359.98735310000006, 359.98735310000006, 359.9872912000001, 359.9872912000001, 359.9872300000002, 359.9872300000002, 359.98717490000035, 359.98717490000035, 359.98710870000036, 359.98710870000036, 359.98704760000055, 359.98704760000055, 359.9869846000006, 359.9869846000006, 359.9869280000005, 359.9869280000005, 359.98686590000034, 359.98686590000034, 359.9868115000004, 359.9868115000004, 359.9867463000003, 359.9867463000003, 359.9866860000004, 359.9866860000004, 359.98662370000034, 359.98662370000034, 359.9865639000002, 359.9865639000002, 359.9864960000002, 359.9864960000002, 359.9864385000001, 359.9864385000001, 359.9863739000002, 359.9863739000002, 359.9863160000002, 359.9863160000002, 359.98625030000017, 359.98625030000017, 359.98619310000004, 359.98619310000004, 359.98612750000007, 359.98612750000007, 359.98594460000004, 359.98594460000004, 359.98587650000013, 359.98587650000013, 359.9858226000001, 359.9858226000001, 359.9856595000001, 359.9856595000001, 359.9856062000001, 359.9856062000001, 359.9854553, 359.9854553, 359.98540249999996, 359.98540249999996, 359.98533799999996, 359.98533799999996, 359.9852773, 359.9852773, 359.9852132000001, 359.9852132000001, 359.9851625000001, 359.9851625000001, 359.9851048999999, 359.9851048999999, 359.98505239999986, 359.98505239999986, 359.9849959999999, 359.9849959999999, 359.9849454], "a_moves_left": [39, 39, 38, 38, 37, 37, 36, 36, 35, 35, 34, 34, 33, 33, 32, 32, 31, 31, 30, 30, 29, 29, 28, 28, 27, 27, 26, 26, 25, 25, 24, 24, 23, 23, 22, 22, 21, 21, 20, 20, 19, 19, 18, 18, 17, 17, 16, 16, 15, 15, 14, 14, 13, 13, 12, 12, 11, 11, 10, 10, 9, 9, 8, 8, 7, 7, 6, 6, 5, 5, 4, 4, 3, 3, 2, 2, 1, 1, 0, 0], "b_moves_left": [40, 39, 39, 38, 38, 37, 37, 36, 36, 35, 35, 34, 34, 33, 33, 32, 32, 31, 31, 30, 30, 29, 29, 28, 28, 27, 27, 26, 26, 25, 25, 24, 24, 23, 23, 22, 22, 21, 21, 20, 20, 19, 19, 18, 18, 17, 17, 16, 16, 15, 15, 14, 14, 13, 13, 12, 12, 11, 11, 10, 10, 9, 9, 8, 8, 7, 7, 6, 6, 5, 5, 4, 4, 3, 3, 2, 2, 1, 1, 0], "trapdoor_triggered": [0, 0, 0, 0, 0, 0, 0, 0, 0, 0, 0, 0, 0, 0, 0, 0, 0, 0, 0, 0, 0, 0, 0, 0, 0, 0, 0, 0, 0, 0, 0, 0, 0, 0, 0, 0, 0, 0, 0, 0, 0, 0, 0, 0, 0, 0, 0, 0, 0, 0, 0, 0, 0, 0, 0, 0, 0, 0, 0, 0, 0, 0, 0, 0, 0, 0, 0, 0, 0, 0, 0, 0, 0, 0, 0, 0, 0, 0, 0, 0], "left_behind": ["turd", "plain", "turd", "turd", "plain", "egg", "plain", "plain", "turd", "turd", "turd", "turd", "egg", "plain", "turd", "plain", "plain", "turd", "plain", "plain", "plain", "plain", "plain", "plain", "egg", "plain", "plain", "plain", "plain", "plain", "plain", "plain", "plain", "plain", "plain", "plain", "plain", "plain", "plain", "plain", "plain", "plain", "plain", "plain", "egg", "plain", "plain", "turd", "egg", "egg", "plain", "plain", "plain", "plain", "plain", "plain", "plain", "plain", "plain", "plain", "plain", "plain", "plain", "plain", "plain", "plain", "plain", "plain", "plain", "plain", "plain", "plain", "egg", "plain", "plain", "plain", "egg", "plain", "plain", "plain"], "errlog_a": "", "errlog_b": "", "start_time": 360, "start_moves": 40, "turn_count": 80, "result": 0, "reason": "EGGS_LAID", "trapdoors": [[5, 5], [3, 4]], "spawn_a": [1, 7], "spawn_b": [1, 0]}