{"pos": [[1, 4], [7, 5], [2, 4], [7, 4], [3, 4], [7, 3], [3, 3], [7, 4], [4, 3], [6, 4], [5, 3], [7, 4], [5, 2], [7, 3], [0, 3], [7, 4], [1, 3], [7, 5], [2, 3], [7, 6], [3, 3], [6, 6], [4, 3], [6, 7], [5, 3], [7, 7], [5, 2], [7, 6], [1, 4], [7, 5], [2, 4], [7, 4], [3, 4], [6, 4], [4, 4], [6, 3], [0, 3], [6, 4], [1, 3], [6, 5], [2, 3], [6, 4], [3, 3], [6, 5], [4, 3], [5, 5], [5, 3], [5, 6], [5, 2], [5, 7], [1, 4], [4, 7], [2, 4], [3, 7], [3, 4], [3, 6], [3, 5], [2, 6], [3, 6], [1, 6], [2, 6], [1, 5], [2, 5], [1, 4], [2, 4], [1, 5], [2, 5], [0, 5], [1, 5], [0, 6], [0, 5], [0, 7], [0, 6], [1, 7], [0, 5], [0, 7], [0, 6], [1, 7], [0, 5], [0, 7]], "a_eggs_laid": [1, 1, 1, 1, 2, 2, 2, 2, 3, 3, 3, 3, 4, 4, 4, 4, 4, 4, 5, 5, 5, 5, 5, 5, 5, 5, 5, 5, 5, 5, 5, 5, 5, 5, 5, 5, 5, 5, 5, 5, 5, 5, 5, 5, 5, 5, 5, 5, 5, 5, 5, 5, 5, 5, 5, 5, 5, 5, 5, 5, 5, 5, 5, 5, 5, 5, 5, 5, 5, 5, 6, 6, 6, 6, 7, 7, 7, 7, 7, 7], "b_eggs_laid": [0, 1, 1, 1, 1, 1, 1, 1, 1, 1, 1, 1, 1, 5, 5, 5, 5, 5, 5, 5, 5, 5, 5, 5, 5, 5, 5, 9, 9, 9, 9, 9, 9, 9, 9, 13, 13, 14, 14, 14, 14, 14, 14, 14, 14, 14, 14, 14, 14, 19, 19, 19, 19, 20, 20, 20, 20, 20, 20, 20, 20, 21, 21, 21, 21, 22, 22, 22, 22, 22, 22, 22, 22, 25, 25, 25, 25, 25, 25, 25], "a_turds_left": [5, 5, 5, 5, 5, 5, 5, 5, 5, 5, 4, 4, 4, 4, 4, 4, 4, 4, 4, 4, 4, 4, 4, 4, 4, 4, 4, 4, 4, 4, 4, 4, 4, 4, 3, 3, 3, 3, 3, 3, 3, 3, 3, 3, 3, 3, 3, 3, 3, 3, 3, 3, 3, 3, 3, 3, 3, 3, 2, 2, 1, 1, 0, 0, 0, 0, 0, 0, 0, 0, 0, 0, 0, 0, 0, 0, 0, 0, 0, 0], "b_turds_left": [5, 5, 5, 4, 4, 4, 4, 4, 4, 4, 4, 3, 3, 3, 3, 3, 3, 3, 3, 3, 3, 3, 3, 2, 2, 1, 1, 1, 1, 1, 1, 1, 1, 1, 1, 1, 1, 1, 1, 1, 1, 1, 1, 1, 1, 0, 0, 0, 0, 0, 0, 0, 0, 0, 0, 0, 0, 0, 0, 0, 0, 0, 0, 0, 0, 0, 0, 0, 0, 0, 0, 0, 0, 0, 0, 0, 0, 0, 0, 0], "a_time_left": [359.99944030000006, 359.99944030000006, 359.9991871000002, 359.9991871000002, 359.99895470000047, 359.99895470000047, 359.9987148, 359.9987148, 359.99847240000054, 359.99847240000054, 359.9982480000008, 359.9982480000008, 359.998005800001, 359.998005800001, 359.99773520000144, 359.99773520000144, 359.99749200000133, 359.99749200000133, 359.99726230000124, 359.99726230000124, 359.99703000000045, 359.99703000000045, 359.9968013000007, 359.9968013000007, 359.9965918000007, 359.9965918000007, 359.9963953000006, 359.9963953000006, 359.9961791000005, 359.9961791000005, 359.9959544000003, 359.9959544000003, 359.9957136000003, 359.9957136000003, 359.9954177999998, 359.9954177999998, 359.99517489999926, 359.99517489999926, 359.9949670999995, 359.9949670999995, 359.9947450999998, 359.9947450999998, 359.99452499999916, 359.99452499999916, 359.99430309999934, 359.99430309999934, 359.9940824999994, 359.9940824999994, 359.993865299999, 359.993865299999, 359.99359529999856, 359.99359529999856, 359.9933685999986, 359.9933685999986, 359.9931037999986, 359.9931037999986, 359.99287679999816, 359.99287679999816, 359.99264739999853, 359.99264739999853, 359.9924269999983, 359.9924269999983, 359.99220499999774, 359.99220499999774, 359.99185809999744, 359.99185809999744, 359.991642099998, 359.991642099998, 359.9914284999977, 359.9914284999977, 359.99122349999743, 359.99122349999743, 359.99101699999756, 359.99101699999756, 359.99083009999777, 359.99083009999777, 359.99062259999755, 359.99062259999755, 359.9904289999977, 359.9904289999977], "b_time_left": [360, 359.9861412, 359.9861412, 359.9860702999995, 359.9860702999995, 359.9860007999987, 359.9860007999987, 359.9859312999988, 359.9859312999988, 359.9858186999991, 359.9858186999991, 359.98575189999974, 359.98575189999974, 359.9856528999999, 359.9856528999999, 359.9855903000007, 359.9855903000007, 359.9855142000006, 359.9855142000006, 359.9854532999998, 359.9854532999998, 359.985378899999, 359.985378899999, 359.98530669999855, 359.98530669999855, 359.98520389999885, 359.98520389999885, 359.98511699999926, 359.98511699999926, 359.9850510999995, 359.9850510999995, 359.98499059999995, 359.98499059999995, 359.98491900000045, 359.98491900000045, 359.9848529000001, 359.9848529000001, 359.9847808000004, 359.9847808000004, 359.9847167000007, 359.9847167000007, 359.98463230000107, 359.98463230000107, 359.98456850000093, 359.98456850000093, 359.9844997000009, 359.9844997000009, 359.98444240000026, 359.98444240000026, 359.9843705000003, 359.9843705000003, 359.9843088000007, 359.9843088000007, 359.9842414000004, 359.9842414000004, 359.9841800000004, 359.9841800000004, 359.98406609999984, 359.98406609999984, 359.9840114999997, 359.9840114999997, 359.98393750000014, 359.98393750000014, 359.9838786999999, 359.9838786999999, 359.9838173999997, 359.9838173999997, 359.98375489999944, 359.98375489999944, 359.98369469999943, 359.98369469999943, 359.98362539999926, 359.98362539999926, 359.98356629999944, 359.98356629999944, 359.98350519999985, 359.98350519999985, 359.98344709999947, 359.98344709999947, 359.9832658999994], "a_moves_left": [39, 39, 38, 38, 37, 37, 36, 36, 35, 35, 34, 34, 33, 33, 32, 32, 31, 31, 30, 30, 29, 29, 28, 28, 27, 27, 26, 26, 25, 25, 24, 24, 23, 23, 22, 22, 21, 21, 20, 20, 19, 19, 18, 18, 17, 17, 16, 16, 15, 15, 14, 14, 13, 13, 12, 12, 11, 11, 10, 10, 9, 9, 8, 8, 7, 7, 6, 6, 5, 5, 4, 4, 3, 3, 2, 2, 1, 1, 0, 0], "b_moves_left": [40, 39, 39, 38, 38, 37, 37, 36, 36, 35, 35, 34, 34, 33, 33, 32, 32, 31, 31, 30, 30, 29, 29, 28, 28, 27, 27, 26, 26, 25, 25, 24, 24, 23, 23, 22, 22, 21, 21, 20, 20, 19, 19, 18, 18, 17, 17, 16, 16, 15, 15, 14, 14, 13, 13, 12, 12, 11, 11, 10, 10, 9, 9, 8, 8, 7, 7, 6, 6, 5, 5, 4, 4, 3, 3, 2, 2, 1, 1, 0], "trapdoor_triggered": [0, 0, 0, 0, 0, 0, 0, 0, 0, 0, 0, 0, 1, 0, 0, 0, 0, 0, 0, 0, 0, 0, 0, 0, 0, 0, 1, 0, 0, 0, 0, 0, 0, 0, 1, 0, 0, 0, 0, 0, 0, 0, 0, 0, 0, 0, 0, 0, 1, 0, 0, 0, 0, 0, 0, 0, 0, 0, 0, 0, 0, 0, 0, 0, 0, 0, 0, 0, 0, 0, 0, 0, 0, 0, 0, 0, 0, 0, 0, 0], "left_behind": ["egg", "egg", "plain", "turd", "egg", "plain", "plain", "plain", "egg", "plain", "turd", "turd", "egg", "plain", "plain", "plain", "plain", "plain", "egg", "plain", "plain", "plain", "plain", "turd", "plain", "turd", "plain", "plain", "plain", "plain", "plain", "plain", "plain", "plain", "turd", "plain", "plain", "egg", "plain", "plain", "plain", "plain", "plain", "plain", "plain", "turd", "plain", "plain", "plain", "egg", "plain", "plain", "plain", "egg", "plain", "plain", "plain", "plain", "turd", "plain", "turd", "egg", "turd", "plain", "plain", "egg", "plain", "plain", "plain", "plain", "egg", "plain", "plain", "egg", "egg", "plain", "plain", "plain", "plain", "plain"], "errlog_a": "", "errlog_b": "", "start_time": 360, "start_moves": 40, "turn_count": 80, "result": 1, "reason": "EGGS_LAID", "trapdoors": [[4, 4], [5, 2]], "spawn_a": [0, 4], "spawn_b": [7, 4]}