{"pos": [[5, 6], [6, 0], [5, 5], [7, 0], [5, 4], [6, 0], [5, 6], [7, 0], [5, 5], [6, 0], [5, 4], [6, 1], [5, 6], [6, 0], [5, 5], [6, 1], [5, 4], [7, 1], [5, 6], [7, 0], [5, 5], [6, 0], [5, 4], [5, 0], [5, 6], [6, 0], [5, 5], [7, 0], [5, 4], [7, 1], [5, 6], [7, 0], [5, 5], [7, 1], [5, 4], [6, 1], [5, 6], [7, 1], [5, 5], [7, 0], [5, 4], [6, 0], [5, 6], [6, 1], [5, 5], [5, 1], [5, 4], [5, 2], [5, 6], [5, 1], [5, 5], [4, 1], [5, 4], [4, 2], [5, 6], [3, 2], [5, 5], [4, 2], [5, 4], [5, 2], [5, 6], [5, 3], [5, 5], [5, 2], [5, 4], [5, 1], [5, 6], [5, 2], [5, 5], [5, 1], [5, 4], [4, 1], [5, 6], [5, 1], [5, 5], [5, 0], [5, 4], [6, 0], [5, 6], [6, 1]], "a_eggs_laid": [0, 0, 0, 0, 0, 0, 0, 0, 0, 0, 0, 0, 0, 0, 0, 0, 0, 0, 0, 0, 0, 0, 0, 0, 0, 0, 0, 0, 0, 0, 0, 0, 0, 0, 0, 0, 0, 0, 0, 0, 0, 0, 0, 0, 0, 0, 0, 0, 0, 0, 0, 0, 0, 0, 0, 0, 0, 0, 0, 0, 0, 0, 0, 0, 0, 0, 0, 0, 0, 0, 0, 0, 0, 0, 0, 0, 0, 0, 0, 0], "b_eggs_laid": [0, 0, 0, 0, 0, 4, 4, 4, 4, 4, 4, 8, 8, 8, 8, 8, 8, 12, 12, 12, 12, 12, 12, 16, 16, 16, 16, 16, 16, 20, 20, 20, 20, 20, 20, 24, 24, 24, 24, 24, 24, 28, 28, 28, 28, 28, 28, 32, 32, 33, 33, 33, 33, 37, 37, 37, 37, 38, 38, 42, 42, 42, 42, 42, 42, 46, 46, 46, 46, 46, 46, 50, 50, 51, 51, 51, 51, 55, 55, 55], "a_turds_left": [5, 5, 5, 5, 5, 5, 5, 5, 5, 5, 5, 5, 5, 5, 5, 5, 5, 5, 5, 5, 5, 5, 5, 5, 5, 5, 5, 5, 5, 5, 5, 5, 5, 5, 5, 5, 5, 5, 5, 5, 5, 5, 5, 5, 5, 5, 5, 5, 5, 5, 5, 5, 5, 5, 5, 5, 5, 5, 5, 5, 5, 5, 4, 4, 3, 3, 3, 3, 3, 3, 3, 3, 3, 3, 3, 3, 3, 3, 3, 3], "b_turds_left": [5, 4, 4, 3, 3, 3, 3, 3, 3, 2, 2, 2, 2, 1, 1, 1, 1, 1, 1, 0, 0, 0, 0, 0, 0, 0, 0, 0, 0, 0, 0, 0, 0, 0, 0, 0, 0, 0, 0, 0, 0, 0, 0, 0, 0, 0, 0, 0, 0, 0, 0, 0, 0, 0, 0, 0, 0, 0, 0, 0, 0, 0, 0, 0, 0, 0, 0, 0, 0, 0, 0, 0, 0, 0, 0, 0, 0, 0, 0, 0], "a_time_left": [359.99953989999995, 359.99953989999995, 359.9993635999999, 359.9993635999999, 359.9991831999996, 359.9991831999996, 359.9990071999996, 359.9990071999996, 359.9988187999993, 359.9988187999993, 359.99865419999924, 359.99865419999924, 359.99838319999935, 359.99838319999935, 359.99821609999935, 359.99821609999935, 359.9980364999992, 359.9980364999992, 359.99785469999915, 359.99785469999915, 359.9976253999989, 359.9976253999989, 359.997455799999, 359.997455799999, 359.99728759999925, 359.99728759999925, 359.9971197999994, 359.9971197999994, 359.9969452999994, 359.9969452999994, 359.9967566999994, 359.9967566999994, 359.9966009999994, 359.9966009999994, 359.9963680999995, 359.9963680999995, 359.9962050999993, 359.9962050999993, 359.99603719999914, 359.99603719999914, 359.995857599999, 359.995857599999, 359.9956095999987, 359.9956095999987, 359.9954434999986, 359.9954434999986, 359.9952726999986, 359.9952726999986, 359.9951039999987, 359.9951039999987, 359.99493219999886, 359.99493219999886, 359.9947540999988, 359.9947540999988, 359.99458499999855, 359.99458499999855, 359.9944204999988, 359.9944204999988, 359.99425229999906, 359.99425229999906, 359.99407999999903, 359.99407999999903, 359.99390999999923, 359.99390999999923, 359.99358549999897, 359.99358549999897, 359.9933610999992, 359.9933610999992, 359.9932119999994, 359.9932119999994, 359.9930440999992, 359.9930440999992, 359.9928741999993, 359.9928741999993, 359.99271059999955, 359.99271059999955, 359.9925476999997, 359.9925476999997, 359.9923739999995, 359.9923739999995], "b_time_left": [360, 359.9883890000001, 359.9883890000001, 359.9883156000001, 359.9883156000001, 359.98824449999984, 359.98824449999984, 359.98818459999984, 359.98818459999984, 359.98811969999997, 359.98811969999997, 359.9880535000002, 359.9880535000002, 359.9879788000003, 359.9879788000003, 359.98789520000037, 359.98789520000037, 359.9877943000006, 359.9877943000006, 359.98772620000045, 359.98772620000045, 359.9876635000005, 359.9876635000005, 359.9876013000003, 359.9876013000003, 359.9875256000005, 359.9875256000005, 359.9874670000004, 359.9874670000004, 359.98740270000053, 359.98740270000053, 359.98734420000073, 359.98734420000073, 359.98728320000055, 359.98728320000055, 359.9872215000005, 359.9872215000005, 359.98715050000055, 359.98715050000055, 359.98709110000027, 359.98709110000027, 359.9870238000003, 359.9870238000003, 359.9869639000003, 359.9869639000003, 359.9868932000004, 359.9868932000004, 359.98680960000047, 359.98680960000047, 359.98674440000013, 359.98674440000013, 359.9866627000001, 359.9866627000001, 359.98659590000034, 359.98659590000034, 359.9865238000002, 359.9865238000002, 359.9864555000004, 359.9864555000004, 359.9864000000007, 359.9864000000007, 359.98633720000043, 359.98633720000043, 359.9862783000008, 359.9862783000008, 359.98614660000067, 359.98614660000067, 359.98608350000086, 359.98608350000086, 359.98599910000075, 359.98599910000075, 359.9859368000007, 359.9859368000007, 359.9858694000004, 359.9858694000004, 359.9858099000003, 359.9858099000003, 359.9857426000003, 359.9857426000003, 359.9856812000003], "a_moves_left": [39, 39, 38, 38, 37, 37, 36, 36, 35, 35, 34, 34, 33, 33, 32, 32, 31, 31, 30, 30, 29, 29, 28, 28, 27, 27, 26, 26, 25, 25, 24, 24, 23, 23, 22, 22, 21, 21, 20, 20, 19, 19, 18, 18, 17, 17, 16, 16, 15, 15, 14, 14, 13, 13, 12, 12, 11, 11, 10, 10, 9, 9, 8, 8, 7, 7, 6, 6, 5, 5, 4, 4, 3, 3, 2, 2, 1, 1, 0, 0], "b_moves_left": [40, 39, 39, 38, 38, 37, 37, 36, 36, 35, 35, 34, 34, 33, 33, 32, 32, 31, 31, 30, 30, 29, 29, 28, 28, 27, 27, 26, 26, 25, 25, 24, 24, 23, 23, 22, 22, 21, 21, 20, 20, 19, 19, 18, 18, 17, 17, 16, 16, 15, 15, 14, 14, 13, 13, 12, 12, 11, 11, 10, 10, 9, 9, 8, 8, 7, 7, 6, 6, 5, 5, 4, 4, 3, 3, 2, 2, 1, 1, 0], "trapdoor_triggered": [0, 0, 0, 0, 1, 0, 0, 0, 0, 0, 1, 0, 0, 0, 0, 0, 1, 0, 0, 0, 0, 0, 1, 0, 0, 0, 0, 0, 1, 0, 0, 0, 0, 0, 1, 0, 0, 0, 0, 0, 1, 0, 0, 0, 0, 0, 1, 0, 0, 0, 0, 0, 1, 0, 0, 0, 0, 0, 1, 0, 0, 0, 0, 0, 1, 0, 0, 0, 0, 0, 1, 0, 0, 0, 0, 0, 1, 0, 0, 0], "left_behind": ["plain", "turd", "plain", "turd", "plain", "plain", "plain", "plain", "plain", "turd", "plain", "plain", "plain", "turd", "plain", "plain", "plain", "plain", "plain", "turd", "plain", "plain", "plain", "plain", "plain", "plain", "plain", "plain", "plain", "plain", "plain", "plain", "plain", "plain", "plain", "plain", "plain", "plain", "plain", "plain", "plain", "plain", "plain", "plain", "plain", "plain", "plain", "plain", "plain", "egg", "plain", "plain", "plain", "plain", "plain", "plain", "plain", "egg", "plain", "plain", "plain", "plain", "turd", "plain", "turd", "plain", "plain", "plain", "plain", "plain", "plain", "plain", "plain", "egg", "plain", "plain", "plain", "plain", "plain", "plain"], "errlog_a": "", "errlog_b": "", "start_time": 360, "start_moves": 40, "turn_count": 80, "result": 1, "reason": "EGGS_LAID", "trapdoors": [[4, 4], [5, 4]], "spawn_a": [5, 7], "spawn_b": [5, 0]}